backend,mode,case_id,family,repeat,expected,predicted,status,elapsed_ms,review,request_sha256
jev,choice,conditional-01,conditional,0,urgent,urgent,ok,221.0738330031745,,e3c5ace940a1a1b1d7fda17b16f1642bb2901b3d55118f1e2b30dfba0125ab4b
jev,choice,conditional-01,conditional,1,urgent,urgent,ok,263.91158398473635,,e3c5ace940a1a1b1d7fda17b16f1642bb2901b3d55118f1e2b30dfba0125ab4b
jev,choice,conditional-01,conditional,2,urgent,urgent,ok,293.43850002624094,,e3c5ace940a1a1b1d7fda17b16f1642bb2901b3d55118f1e2b30dfba0125ab4b
jev,choice,conditional-02,conditional,0,urgent,urgent,ok,242.573875002563,,fb65e8d6c22dc984e1efd0c1ac27270aaeba85045cc9ab3d808ba3b1c4bb81f8
jev,choice,conditional-02,conditional,1,urgent,urgent,ok,241.697582998313,,fb65e8d6c22dc984e1efd0c1ac27270aaeba85045cc9ab3d808ba3b1c4bb81f8
jev,choice,conditional-02,conditional,2,urgent,urgent,ok,272.21254096366465,,fb65e8d6c22dc984e1efd0c1ac27270aaeba85045cc9ab3d808ba3b1c4bb81f8
jev,choice,conditional-03,conditional,0,todo,todo,ok,288.6161250062287,,2085eb649e2094d72de7b0f41c5e9f8e9ff60c2352e4289b77e2fe518dd0d145
jev,choice,conditional-03,conditional,1,todo,todo,ok,244.55704202409834,,2085eb649e2094d72de7b0f41c5e9f8e9ff60c2352e4289b77e2fe518dd0d145
jev,choice,conditional-03,conditional,2,todo,todo,ok,282.8495829598978,,2085eb649e2094d72de7b0f41c5e9f8e9ff60c2352e4289b77e2fe518dd0d145
jev,choice,conditional-04,conditional,0,todo,todo,ok,234.50820898870006,,6ce30a3bf7bb8f91d71d1eba60e673f13ee5a7141b82caf149b7c7dbd49ff4e4
jev,choice,conditional-04,conditional,1,todo,todo,ok,255.22779097082093,,6ce30a3bf7bb8f91d71d1eba60e673f13ee5a7141b82caf149b7c7dbd49ff4e4
jev,choice,conditional-04,conditional,2,todo,todo,ok,272.4872500402853,,6ce30a3bf7bb8f91d71d1eba60e673f13ee5a7141b82caf149b7c7dbd49ff4e4
jev,choice,conditional-05,conditional,0,valuable,valuable,ok,261.8055830243975,,70fb063b3552fb01866b596d1ea49cc605b53ecaf61a3a94a0e6eb254a6749e5
jev,choice,conditional-05,conditional,1,valuable,valuable,ok,238.66483301389962,,70fb063b3552fb01866b596d1ea49cc605b53ecaf61a3a94a0e6eb254a6749e5
jev,choice,conditional-05,conditional,2,valuable,valuable,ok,257.78020900906995,,70fb063b3552fb01866b596d1ea49cc605b53ecaf61a3a94a0e6eb254a6749e5
jev,choice,conditional-06,conditional,0,valuable,valuable,ok,266.21749997138977,,6afe953792848fba379f3f025101c75b28e64bd8a8df9d88df8f6dc512bcd162
jev,choice,conditional-06,conditional,1,valuable,valuable,ok,268.9889580360614,,6afe953792848fba379f3f025101c75b28e64bd8a8df9d88df8f6dc512bcd162
jev,choice,conditional-06,conditional,2,valuable,valuable,ok,245.71454100077972,,6afe953792848fba379f3f025101c75b28e64bd8a8df9d88df8f6dc512bcd162
jev,choice,conditional-07,conditional,0,noise,noise,ok,243.77674999414012,,6b3932788fb340372fd059dfe591dfdd83598f5cd7c8106653def6843b9afd43
jev,choice,conditional-07,conditional,1,noise,noise,ok,317.68158299382776,,6b3932788fb340372fd059dfe591dfdd83598f5cd7c8106653def6843b9afd43
jev,choice,conditional-07,conditional,2,noise,noise,ok,238.36258298251778,,6b3932788fb340372fd059dfe591dfdd83598f5cd7c8106653def6843b9afd43
jev,choice,conditional-08,conditional,0,noise,noise,ok,228.68437500437722,,8b570638ad1f752eba0cb43f6ee3a03ded4a6801455b72de73d95deb61002dae
jev,choice,conditional-08,conditional,1,noise,noise,ok,287.4569999985397,,8b570638ad1f752eba0cb43f6ee3a03ded4a6801455b72de73d95deb61002dae
jev,choice,conditional-08,conditional,2,noise,noise,ok,248.67825000546873,,8b570638ad1f752eba0cb43f6ee3a03ded4a6801455b72de73d95deb61002dae
jev,choice,cross_chat-01,cross_chat,0,urgent,urgent,ok,246.93483399460092,,1f13c071e9ab48bf3ce74b796432d60f2a2d0cca9794208c11418708ee1a9b66
jev,choice,cross_chat-01,cross_chat,1,urgent,urgent,ok,250.69429096765816,,1f13c071e9ab48bf3ce74b796432d60f2a2d0cca9794208c11418708ee1a9b66
jev,choice,cross_chat-01,cross_chat,2,urgent,urgent,ok,236.83379095746204,,1f13c071e9ab48bf3ce74b796432d60f2a2d0cca9794208c11418708ee1a9b66
jev,choice,cross_chat-02,cross_chat,0,urgent,urgent,ok,265.86625003255904,,c81a0b894a8e9049d13e8fbddfd3d9850ae1575c15898c30502ab400a5135418
jev,choice,cross_chat-02,cross_chat,1,urgent,urgent,ok,284.858750004787,,c81a0b894a8e9049d13e8fbddfd3d9850ae1575c15898c30502ab400a5135418
jev,choice,cross_chat-02,cross_chat,2,urgent,urgent,ok,232.66712500480935,,c81a0b894a8e9049d13e8fbddfd3d9850ae1575c15898c30502ab400a5135418
jev,choice,cross_chat-03,cross_chat,0,todo,todo,ok,235.96333398018032,,181c2544c4771a05fb689f0752c61153fda258bec766a234e26df18949676149
jev,choice,cross_chat-03,cross_chat,1,todo,todo,ok,251.42995797796175,,181c2544c4771a05fb689f0752c61153fda258bec766a234e26df18949676149
jev,choice,cross_chat-03,cross_chat,2,todo,noise,ok,279.11299996776506,,181c2544c4771a05fb689f0752c61153fda258bec766a234e26df18949676149
jev,choice,cross_chat-04,cross_chat,0,todo,todo,ok,215.88100004009902,,5d3ee9b1fafcb1c9e6391d50de4b5d9b856126e9ab9fa7f4f59a1689e57d2326
jev,choice,cross_chat-04,cross_chat,1,todo,todo,ok,245.73500000406057,,5d3ee9b1fafcb1c9e6391d50de4b5d9b856126e9ab9fa7f4f59a1689e57d2326
jev,choice,cross_chat-04,cross_chat,2,todo,todo,ok,235.4939579963684,,5d3ee9b1fafcb1c9e6391d50de4b5d9b856126e9ab9fa7f4f59a1689e57d2326
jev,choice,cross_chat-05,cross_chat,0,valuable,valuable,ok,227.66579099697992,,a5eb99edf38428141ce8ff74e9f6553b1659d6774d6a5ea34677643a0cb8686f
jev,choice,cross_chat-05,cross_chat,1,valuable,valuable,ok,245.8652079803869,,a5eb99edf38428141ce8ff74e9f6553b1659d6774d6a5ea34677643a0cb8686f
jev,choice,cross_chat-05,cross_chat,2,valuable,valuable,ok,287.05320903100073,,a5eb99edf38428141ce8ff74e9f6553b1659d6774d6a5ea34677643a0cb8686f
jev,choice,cross_chat-06,cross_chat,0,valuable,valuable,ok,346.3442079955712,,1c21051371eae004b447177a2044de7cfc6318b205987e3b19622de076dafa78
jev,choice,cross_chat-06,cross_chat,1,valuable,valuable,ok,230.56308302329853,,1c21051371eae004b447177a2044de7cfc6318b205987e3b19622de076dafa78
jev,choice,cross_chat-06,cross_chat,2,valuable,valuable,ok,242.64608300291002,,1c21051371eae004b447177a2044de7cfc6318b205987e3b19622de076dafa78
jev,choice,cross_chat-07,cross_chat,0,noise,noise,ok,260.85204095579684,,41bafdc9de25591f501d0ce0f5f9648f7eea197caaaeae0394e97841dd235ba5
jev,choice,cross_chat-07,cross_chat,1,noise,noise,ok,276.4147919951938,,41bafdc9de25591f501d0ce0f5f9648f7eea197caaaeae0394e97841dd235ba5
jev,choice,cross_chat-07,cross_chat,2,noise,noise,ok,257.77120899874717,,41bafdc9de25591f501d0ce0f5f9648f7eea197caaaeae0394e97841dd235ba5
jev,choice,cross_chat-08,cross_chat,0,noise,noise,ok,237.54354199627414,,a5b254746ae2a6f5b4f036fdd2f1f3f044df2accf88199e968a9f7f0c780748c
jev,choice,cross_chat-08,cross_chat,1,noise,noise,ok,258.6668749572709,,a5b254746ae2a6f5b4f036fdd2f1f3f044df2accf88199e968a9f7f0c780748c
jev,choice,cross_chat-08,cross_chat,2,noise,noise,ok,243.18383302306756,,a5b254746ae2a6f5b4f036fdd2f1f3f044df2accf88199e968a9f7f0c780748c
jev,choice,knowledge-01,knowledge,0,urgent,urgent,ok,244.67641703085974,,39d00fdec8595caacf199b3ac3623d42393e8e8a6a5ee4c96207007ec7bdd838
jev,choice,knowledge-01,knowledge,1,urgent,urgent,ok,221.72712499741465,,39d00fdec8595caacf199b3ac3623d42393e8e8a6a5ee4c96207007ec7bdd838
jev,choice,knowledge-01,knowledge,2,urgent,urgent,ok,240.2258329675533,,39d00fdec8595caacf199b3ac3623d42393e8e8a6a5ee4c96207007ec7bdd838
jev,choice,knowledge-02,knowledge,0,urgent,urgent,ok,248.2874169945717,,7d96c3bcbecaacd65a2f8d87b7344b68c95ac6d120d7a5ea958a93557a9b6d29
jev,choice,knowledge-02,knowledge,1,urgent,urgent,ok,273.3678329968825,,7d96c3bcbecaacd65a2f8d87b7344b68c95ac6d120d7a5ea958a93557a9b6d29
jev,choice,knowledge-02,knowledge,2,urgent,urgent,ok,282.1659999899566,,7d96c3bcbecaacd65a2f8d87b7344b68c95ac6d120d7a5ea958a93557a9b6d29
jev,choice,knowledge-03,knowledge,0,todo,todo,ok,238.12983301468194,,5a80f4f5a76930726df0ab3457ed2782f2cccb65f812a6c2d0cf9ec04b212b01
jev,choice,knowledge-03,knowledge,1,todo,todo,ok,226.82966600405052,,5a80f4f5a76930726df0ab3457ed2782f2cccb65f812a6c2d0cf9ec04b212b01
jev,choice,knowledge-03,knowledge,2,todo,todo,ok,253.2332920236513,,5a80f4f5a76930726df0ab3457ed2782f2cccb65f812a6c2d0cf9ec04b212b01
jev,choice,knowledge-04,knowledge,0,todo,todo,ok,235.6830000062473,,063cbdceb06b701deb7710f987f42ef7d7a9d02fd029487803edba7de088e388
jev,choice,knowledge-04,knowledge,1,todo,todo,ok,255.29420899692923,,063cbdceb06b701deb7710f987f42ef7d7a9d02fd029487803edba7de088e388
jev,choice,knowledge-04,knowledge,2,todo,todo,ok,220.65020800800994,,063cbdceb06b701deb7710f987f42ef7d7a9d02fd029487803edba7de088e388
jev,choice,knowledge-05,knowledge,0,valuable,valuable,ok,226.91704099997878,,d69b5ae2fe727a8411665d1f679be6cb5b1adc65dd3e38af90763b830694e577
jev,choice,knowledge-05,knowledge,1,valuable,valuable,ok,460.0839159684256,,d69b5ae2fe727a8411665d1f679be6cb5b1adc65dd3e38af90763b830694e577
jev,choice,knowledge-05,knowledge,2,valuable,valuable,ok,230.04237498389557,,d69b5ae2fe727a8411665d1f679be6cb5b1adc65dd3e38af90763b830694e577
jev,choice,knowledge-06,knowledge,0,valuable,valuable,ok,268.0581249878742,,5cbf090356cfe9ec2fd80e513c6b23babf0e88912446df5ac0ed371c0de23902
jev,choice,knowledge-06,knowledge,1,valuable,valuable,ok,222.14541700668633,,5cbf090356cfe9ec2fd80e513c6b23babf0e88912446df5ac0ed371c0de23902
jev,choice,knowledge-06,knowledge,2,valuable,valuable,ok,283.5961249656975,,5cbf090356cfe9ec2fd80e513c6b23babf0e88912446df5ac0ed371c0de23902
jev,choice,knowledge-07,knowledge,0,noise,noise,ok,256.9030839949846,,ea48cf5f8428b239b79b464c28cd910ff463e22f3a32dc5bc6b7ccd264c94811
jev,choice,knowledge-07,knowledge,1,noise,noise,ok,282.27633400820196,,ea48cf5f8428b239b79b464c28cd910ff463e22f3a32dc5bc6b7ccd264c94811
jev,choice,knowledge-07,knowledge,2,noise,noise,ok,258.1626250175759,,ea48cf5f8428b239b79b464c28cd910ff463e22f3a32dc5bc6b7ccd264c94811
jev,choice,knowledge-08,knowledge,0,noise,noise,ok,287.1346249594353,,a537c698171445dd82b62f9631276e17a0b1ffd8761d99504bfee1a98275eec0
jev,choice,knowledge-08,knowledge,1,noise,noise,ok,223.63887500250712,,a537c698171445dd82b62f9631276e17a0b1ffd8761d99504bfee1a98275eec0
jev,choice,knowledge-08,knowledge,2,noise,noise,ok,227.88274998310953,,a537c698171445dd82b62f9631276e17a0b1ffd8761d99504bfee1a98275eec0
jev,choice,lifecycle-01,lifecycle,0,urgent,urgent,ok,224.23737501958385,,561564e0abfef4ef78e1be6cca6f552bd84cc16e0bf4322367121395f7f1af46
jev,choice,lifecycle-01,lifecycle,1,urgent,urgent,ok,252.78091698419303,,561564e0abfef4ef78e1be6cca6f552bd84cc16e0bf4322367121395f7f1af46
jev,choice,lifecycle-01,lifecycle,2,urgent,urgent,ok,263.35941697470844,,561564e0abfef4ef78e1be6cca6f552bd84cc16e0bf4322367121395f7f1af46
jev,choice,lifecycle-02,lifecycle,0,urgent,urgent,ok,260.1384590379894,,63e873588459a081a999e179597ff926b2e1e652824d1eafdfe4d1a6d6a9132c
jev,choice,lifecycle-02,lifecycle,1,urgent,urgent,ok,254.56274999305606,,63e873588459a081a999e179597ff926b2e1e652824d1eafdfe4d1a6d6a9132c
jev,choice,lifecycle-02,lifecycle,2,urgent,urgent,ok,399.45891697425395,,63e873588459a081a999e179597ff926b2e1e652824d1eafdfe4d1a6d6a9132c
jev,choice,lifecycle-03,lifecycle,0,todo,todo,ok,387.56412494694814,,6b9c5c63437899e7f629df757c701e85c42864b681f99c2ae638f4f3b66d9bac
jev,choice,lifecycle-03,lifecycle,1,todo,todo,ok,253.744000045117,,6b9c5c63437899e7f629df757c701e85c42864b681f99c2ae638f4f3b66d9bac
jev,choice,lifecycle-03,lifecycle,2,todo,todo,ok,272.62429194524884,,6b9c5c63437899e7f629df757c701e85c42864b681f99c2ae638f4f3b66d9bac
jev,choice,lifecycle-04,lifecycle,0,todo,todo,ok,263.936375034973,,a1928bc48fa0aebdc19c46fec41911d52ae6b8ec4927ab90d69ff20e920ded24
jev,choice,lifecycle-04,lifecycle,1,todo,todo,ok,254.55533404601738,,a1928bc48fa0aebdc19c46fec41911d52ae6b8ec4927ab90d69ff20e920ded24
jev,choice,lifecycle-04,lifecycle,2,todo,todo,ok,241.83729098876938,,a1928bc48fa0aebdc19c46fec41911d52ae6b8ec4927ab90d69ff20e920ded24
jev,choice,lifecycle-05,lifecycle,0,valuable,valuable,ok,266.18458301527426,,e0fd4155dea38e472a372223af9bb719c16343fca777dbe665751ab8cc0a588f
jev,choice,lifecycle-05,lifecycle,1,valuable,valuable,ok,248.71325003914535,,e0fd4155dea38e472a372223af9bb719c16343fca777dbe665751ab8cc0a588f
jev,choice,lifecycle-05,lifecycle,2,valuable,valuable,ok,220.99691699258983,,e0fd4155dea38e472a372223af9bb719c16343fca777dbe665751ab8cc0a588f
jev,choice,lifecycle-06,lifecycle,0,valuable,valuable,ok,249.43554197670892,,6bdea99a3343448b6a49838889fe9890d86b18c1d02589d5c9fa9c9d0b8d6d9d
jev,choice,lifecycle-06,lifecycle,1,valuable,valuable,ok,232.56866697920486,,6bdea99a3343448b6a49838889fe9890d86b18c1d02589d5c9fa9c9d0b8d6d9d
jev,choice,lifecycle-06,lifecycle,2,valuable,valuable,ok,302.84562503220513,,6bdea99a3343448b6a49838889fe9890d86b18c1d02589d5c9fa9c9d0b8d6d9d
jev,choice,lifecycle-07,lifecycle,0,noise,noise,ok,270.9434170392342,,3b565a8c68e6478b79d0e2eb39930785783d20539c69994173a3c1318f62e8be
jev,choice,lifecycle-07,lifecycle,1,noise,noise,ok,279.2822920018807,,3b565a8c68e6478b79d0e2eb39930785783d20539c69994173a3c1318f62e8be
jev,choice,lifecycle-07,lifecycle,2,noise,noise,ok,265.1726250187494,,3b565a8c68e6478b79d0e2eb39930785783d20539c69994173a3c1318f62e8be
jev,choice,lifecycle-08,lifecycle,0,noise,noise,ok,227.7751660440117,,6b48996bed99bb14456182ba91803465b1a58831199d100b05b08f82f6e67c75
jev,choice,lifecycle-08,lifecycle,1,noise,noise,ok,254.98958298703656,,6b48996bed99bb14456182ba91803465b1a58831199d100b05b08f82f6e67c75
jev,choice,lifecycle-08,lifecycle,2,noise,noise,ok,258.58308299211785,,6b48996bed99bb14456182ba91803465b1a58831199d100b05b08f82f6e67c75
jev,choice,ownership-01,ownership,0,urgent,urgent,ok,245.2390409889631,,f23c586bb098cb6371d703de081f98646ab438906a76ee0d12c0cdab1d82cfaf
jev,choice,ownership-01,ownership,1,urgent,urgent,ok,239.03566697845235,,f23c586bb098cb6371d703de081f98646ab438906a76ee0d12c0cdab1d82cfaf
jev,choice,ownership-01,ownership,2,urgent,urgent,ok,324.30670800385997,,f23c586bb098cb6371d703de081f98646ab438906a76ee0d12c0cdab1d82cfaf
jev,choice,ownership-02,ownership,0,urgent,urgent,ok,222.72120899287984,,155d36d4adc2d065648eb63c535c55a2d13e73e5b21d9c15e4fdbca70e543438
jev,choice,ownership-02,ownership,1,urgent,urgent,ok,240.50895898835734,,155d36d4adc2d065648eb63c535c55a2d13e73e5b21d9c15e4fdbca70e543438
jev,choice,ownership-02,ownership,2,urgent,urgent,ok,226.77441604901105,,155d36d4adc2d065648eb63c535c55a2d13e73e5b21d9c15e4fdbca70e543438
jev,choice,ownership-03,ownership,0,todo,todo,ok,243.50550002418458,,1df249a9225212a1c5cc1b8d4e9c697236d5d27ba5d6af55b26f39788e94c18b
jev,choice,ownership-03,ownership,1,todo,todo,ok,319.147833972238,,1df249a9225212a1c5cc1b8d4e9c697236d5d27ba5d6af55b26f39788e94c18b
jev,choice,ownership-03,ownership,2,todo,todo,ok,250.19329198403284,,1df249a9225212a1c5cc1b8d4e9c697236d5d27ba5d6af55b26f39788e94c18b
jev,choice,ownership-04,ownership,0,todo,todo,ok,236.80558399064466,,d76da096c0da31b57903542beb8fd331545df48371b804f33420c7c90f685480
jev,choice,ownership-04,ownership,1,todo,todo,ok,247.75029200827703,,d76da096c0da31b57903542beb8fd331545df48371b804f33420c7c90f685480
jev,choice,ownership-04,ownership,2,todo,todo,ok,230.64562503714114,,d76da096c0da31b57903542beb8fd331545df48371b804f33420c7c90f685480
jev,choice,ownership-05,ownership,0,valuable,valuable,ok,260.79883403144777,,fba8384004987d7300585147f244f5ed43c9cf27ac578ce3457ff608d48e0f32
jev,choice,ownership-05,ownership,1,valuable,valuable,ok,229.57183298422024,,fba8384004987d7300585147f244f5ed43c9cf27ac578ce3457ff608d48e0f32
jev,choice,ownership-05,ownership,2,valuable,valuable,ok,237.76470799930394,,fba8384004987d7300585147f244f5ed43c9cf27ac578ce3457ff608d48e0f32
jev,choice,ownership-06,ownership,0,valuable,valuable,ok,254.3348339968361,,f377d1c77e69f9898eab06854763b234e42d22b208a5bead0f86d98c17111971
jev,choice,ownership-06,ownership,1,valuable,valuable,ok,257.4532909784466,,f377d1c77e69f9898eab06854763b234e42d22b208a5bead0f86d98c17111971
jev,choice,ownership-06,ownership,2,valuable,valuable,ok,245.18095899838954,,f377d1c77e69f9898eab06854763b234e42d22b208a5bead0f86d98c17111971
jev,choice,ownership-07,ownership,0,noise,noise,ok,245.34850002964959,,9d5f1a561bdfdf7f2324374f440133f1924ea31bf563af7cbd711e5a4e3b8c02
jev,choice,ownership-07,ownership,1,noise,noise,ok,236.63637501886114,,9d5f1a561bdfdf7f2324374f440133f1924ea31bf563af7cbd711e5a4e3b8c02
jev,choice,ownership-07,ownership,2,noise,noise,ok,265.832707984373,,9d5f1a561bdfdf7f2324374f440133f1924ea31bf563af7cbd711e5a4e3b8c02
jev,choice,ownership-08,ownership,0,noise,noise,ok,289.46562501369044,,e16a32a5c1ef4e140f3d12e34d970d467dc8776f9d3021ae1b94ee62543db428
jev,choice,ownership-08,ownership,1,noise,noise,ok,257.511458999943,,e16a32a5c1ef4e140f3d12e34d970d467dc8776f9d3021ae1b94ee62543db428
jev,choice,ownership-08,ownership,2,noise,noise,ok,336.3530829665251,,e16a32a5c1ef4e140f3d12e34d970d467dc8776f9d3021ae1b94ee62543db428
jev,choice,thread_context-01,thread_context,0,urgent,urgent,ok,292.91729198303074,,df1c89cba0af74f53cf7758bd9436151dd48dccab0a757c383642e19e641a318
jev,choice,thread_context-01,thread_context,1,urgent,urgent,ok,249.90691704442725,,df1c89cba0af74f53cf7758bd9436151dd48dccab0a757c383642e19e641a318
jev,choice,thread_context-01,thread_context,2,urgent,urgent,ok,224.03383400524035,,df1c89cba0af74f53cf7758bd9436151dd48dccab0a757c383642e19e641a318
jev,choice,thread_context-02,thread_context,0,urgent,urgent,ok,250.09695801418275,,ded3c18a081df442afb9c9b3534df4d25befbd3b404f39c1a88f6cabc99892a7
jev,choice,thread_context-02,thread_context,1,urgent,urgent,ok,258.2330830045976,,ded3c18a081df442afb9c9b3534df4d25befbd3b404f39c1a88f6cabc99892a7
jev,choice,thread_context-02,thread_context,2,urgent,urgent,ok,235.46100000385195,,ded3c18a081df442afb9c9b3534df4d25befbd3b404f39c1a88f6cabc99892a7
jev,choice,thread_context-03,thread_context,0,todo,todo,ok,246.4682919671759,,4c9253a7b47e62906c63c3d480a3db544d3c8d496b533f0a9207e00818dcd853
jev,choice,thread_context-03,thread_context,1,todo,todo,ok,272.19325001351535,,4c9253a7b47e62906c63c3d480a3db544d3c8d496b533f0a9207e00818dcd853
jev,choice,thread_context-03,thread_context,2,todo,todo,ok,239.0410410007462,,4c9253a7b47e62906c63c3d480a3db544d3c8d496b533f0a9207e00818dcd853
jev,choice,thread_context-04,thread_context,0,todo,todo,ok,242.06395901273936,,027213fe0a6a0f1fb7576b6ff9f51ec427bcc605381f267b8b5c474cd0d6eeba
jev,choice,thread_context-04,thread_context,1,todo,todo,ok,346.7558749835007,,027213fe0a6a0f1fb7576b6ff9f51ec427bcc605381f267b8b5c474cd0d6eeba
jev,choice,thread_context-04,thread_context,2,todo,todo,ok,228.23483298998326,,027213fe0a6a0f1fb7576b6ff9f51ec427bcc605381f267b8b5c474cd0d6eeba
jev,choice,thread_context-05,thread_context,0,valuable,valuable,ok,230.74554197955877,,ed1bdc83303c98b548ea982c2e079d40d25749c73d54f7f4b3d5527036db19a0
jev,choice,thread_context-05,thread_context,1,valuable,valuable,ok,253.72066698037088,,ed1bdc83303c98b548ea982c2e079d40d25749c73d54f7f4b3d5527036db19a0
jev,choice,thread_context-05,thread_context,2,valuable,valuable,ok,274.83599999686703,,ed1bdc83303c98b548ea982c2e079d40d25749c73d54f7f4b3d5527036db19a0
jev,choice,thread_context-06,thread_context,0,valuable,valuable,ok,282.75758400559425,,66bc124a6e21ab04fbe4f803627016214b730d20a2e33dd85b0e05a689d4b183
jev,choice,thread_context-06,thread_context,1,valuable,valuable,ok,250.07700000423938,,66bc124a6e21ab04fbe4f803627016214b730d20a2e33dd85b0e05a689d4b183
jev,choice,thread_context-06,thread_context,2,valuable,valuable,ok,249.17324999114498,,66bc124a6e21ab04fbe4f803627016214b730d20a2e33dd85b0e05a689d4b183
jev,choice,thread_context-07,thread_context,0,noise,noise,ok,254.6654170146212,,09146244d91843c9414fc1c31b5b8bc68505d973a89f0f7cab6af0d24c65083b
jev,choice,thread_context-07,thread_context,1,noise,noise,ok,259.37045901082456,,09146244d91843c9414fc1c31b5b8bc68505d973a89f0f7cab6af0d24c65083b
jev,choice,thread_context-07,thread_context,2,noise,noise,ok,275.7066659978591,,09146244d91843c9414fc1c31b5b8bc68505d973a89f0f7cab6af0d24c65083b
jev,choice,thread_context-08,thread_context,0,noise,noise,ok,225.42933298973367,,b515078ad76126eafed1cf5c4f0532526f281e181717341ad61c727f878125c2
jev,choice,thread_context-08,thread_context,1,noise,noise,ok,232.72650002036244,,b515078ad76126eafed1cf5c4f0532526f281e181717341ad61c727f878125c2
jev,choice,thread_context-08,thread_context,2,noise,noise,ok,228.14829199342057,,b515078ad76126eafed1cf5c4f0532526f281e181717341ad61c727f878125c2
jev,choice,untrusted_content-01,untrusted_content,0,urgent,urgent,ok,217.32354204868898,,fdc15cd32c01c1404d4ce7461a73ef20677d5b98b86750072cc1db6a15c20b14
jev,choice,untrusted_content-01,untrusted_content,1,urgent,urgent,ok,279.716124990955,,fdc15cd32c01c1404d4ce7461a73ef20677d5b98b86750072cc1db6a15c20b14
jev,choice,untrusted_content-01,untrusted_content,2,urgent,urgent,ok,229.36070803552866,,fdc15cd32c01c1404d4ce7461a73ef20677d5b98b86750072cc1db6a15c20b14
jev,choice,untrusted_content-02,untrusted_content,0,urgent,urgent,ok,255.80062496010214,,6c32e9e70e88fbe1dff838a16ca196734bbc91974448f41895fab9c96daef1d8
jev,choice,untrusted_content-02,untrusted_content,1,urgent,urgent,ok,233.5256669903174,,6c32e9e70e88fbe1dff838a16ca196734bbc91974448f41895fab9c96daef1d8
jev,choice,untrusted_content-02,untrusted_content,2,urgent,urgent,ok,268.7886250205338,,6c32e9e70e88fbe1dff838a16ca196734bbc91974448f41895fab9c96daef1d8
jev,choice,untrusted_content-03,untrusted_content,0,todo,todo,ok,262.76537496596575,,beb041771f4f9893956fede6e811b23aeaa96253dd2ac167604bd0c97814d0e4
jev,choice,untrusted_content-03,untrusted_content,1,todo,todo,ok,231.0104169882834,,beb041771f4f9893956fede6e811b23aeaa96253dd2ac167604bd0c97814d0e4
jev,choice,untrusted_content-03,untrusted_content,2,todo,todo,ok,230.67437502322719,,beb041771f4f9893956fede6e811b23aeaa96253dd2ac167604bd0c97814d0e4
jev,choice,untrusted_content-04,untrusted_content,0,todo,todo,ok,244.27300004754215,,d8f5ad061976f6c8ef65bd53c6bd4d9aa9776ccbd941b602a7a3bb1ed878eb1a
jev,choice,untrusted_content-04,untrusted_content,1,todo,todo,ok,252.92287504998967,,d8f5ad061976f6c8ef65bd53c6bd4d9aa9776ccbd941b602a7a3bb1ed878eb1a
jev,choice,untrusted_content-04,untrusted_content,2,todo,todo,ok,254.59912500809878,,d8f5ad061976f6c8ef65bd53c6bd4d9aa9776ccbd941b602a7a3bb1ed878eb1a
jev,choice,untrusted_content-05,untrusted_content,0,valuable,valuable,ok,265.1236249948852,,1924a3d7b964c612717cbb65cc6c1a24299d83ac417708b3c99f41c8731ef4d0
jev,choice,untrusted_content-05,untrusted_content,1,valuable,valuable,ok,231.7851249827072,,1924a3d7b964c612717cbb65cc6c1a24299d83ac417708b3c99f41c8731ef4d0
jev,choice,untrusted_content-05,untrusted_content,2,valuable,valuable,ok,245.97145797451958,,1924a3d7b964c612717cbb65cc6c1a24299d83ac417708b3c99f41c8731ef4d0
jev,choice,untrusted_content-06,untrusted_content,0,valuable,valuable,ok,257.1042499621399,,64ad40d9c239861eb6313ad85442950cf5db56254e0332918bb7cb2e7efd4024
jev,choice,untrusted_content-06,untrusted_content,1,valuable,valuable,ok,276.7946249805391,,64ad40d9c239861eb6313ad85442950cf5db56254e0332918bb7cb2e7efd4024
jev,choice,untrusted_content-06,untrusted_content,2,valuable,valuable,ok,276.0845829616301,,64ad40d9c239861eb6313ad85442950cf5db56254e0332918bb7cb2e7efd4024
jev,choice,untrusted_content-07,untrusted_content,0,noise,noise,ok,281.33758396143094,,3ee570d78ce82e08a345ac9893d4c4950907b02f259a7e7ce24afae93fbaadd7
jev,choice,untrusted_content-07,untrusted_content,1,noise,noise,ok,254.48491697898135,,3ee570d78ce82e08a345ac9893d4c4950907b02f259a7e7ce24afae93fbaadd7
jev,choice,untrusted_content-07,untrusted_content,2,noise,noise,ok,252.5491249980405,,3ee570d78ce82e08a345ac9893d4c4950907b02f259a7e7ce24afae93fbaadd7
jev,choice,untrusted_content-08,untrusted_content,0,noise,noise,ok,286.07874998124316,,c31c68a4b0e686150d76d45b3acca03a6beb4868e8db69d6f420fac22411dfce
jev,choice,untrusted_content-08,untrusted_content,1,noise,noise,ok,259.1500830021687,,c31c68a4b0e686150d76d45b3acca03a6beb4868e8db69d6f420fac22411dfce
jev,choice,untrusted_content-08,untrusted_content,2,noise,noise,ok,223.47533301217481,,c31c68a4b0e686150d76d45b3acca03a6beb4868e8db69d6f420fac22411dfce
jev,choice,urgency-01,urgency,0,urgent,urgent,ok,278.62279198598117,,b6ccbac1c3eaf7c90cf03b582d3abaeab8979d98a4df673ff5f29d0977ee3c91
jev,choice,urgency-01,urgency,1,urgent,urgent,ok,275.05712502170354,,b6ccbac1c3eaf7c90cf03b582d3abaeab8979d98a4df673ff5f29d0977ee3c91
jev,choice,urgency-01,urgency,2,urgent,urgent,ok,231.46358301164582,,b6ccbac1c3eaf7c90cf03b582d3abaeab8979d98a4df673ff5f29d0977ee3c91
jev,choice,urgency-02,urgency,0,urgent,urgent,ok,289.1807910054922,,e62f7e3c8d5a9057c8441f19e7167932eb6c7aa4b1c9cbf104fa98f83b212c25
jev,choice,urgency-02,urgency,1,urgent,urgent,ok,238.88904100749642,,e62f7e3c8d5a9057c8441f19e7167932eb6c7aa4b1c9cbf104fa98f83b212c25
jev,choice,urgency-02,urgency,2,urgent,urgent,ok,257.0909169735387,,e62f7e3c8d5a9057c8441f19e7167932eb6c7aa4b1c9cbf104fa98f83b212c25
jev,choice,urgency-03,urgency,0,todo,todo,ok,293.81558299064636,,146629432c46d1dc2b3fed8833695df1d9239f94e438e969e7c309d87dc0ebfe
jev,choice,urgency-03,urgency,1,todo,todo,ok,255.77300001168624,,146629432c46d1dc2b3fed8833695df1d9239f94e438e969e7c309d87dc0ebfe
jev,choice,urgency-03,urgency,2,todo,todo,ok,254.00695897405967,,146629432c46d1dc2b3fed8833695df1d9239f94e438e969e7c309d87dc0ebfe
jev,choice,urgency-04,urgency,0,todo,todo,ok,231.77620797650889,,1996ccad3e24135fdbd7e76d0b5c706adc7e806bdf58adb13cc1c498ba85da3e
jev,choice,urgency-04,urgency,1,todo,todo,ok,308.20554099045694,,1996ccad3e24135fdbd7e76d0b5c706adc7e806bdf58adb13cc1c498ba85da3e
jev,choice,urgency-04,urgency,2,todo,todo,ok,287.3143330216408,,1996ccad3e24135fdbd7e76d0b5c706adc7e806bdf58adb13cc1c498ba85da3e
jev,choice,urgency-05,urgency,0,valuable,valuable,ok,254.71045897575095,,4ca42c8242aaaaab80f91ea4c2225ed4f1fcd91c647318fab8a26391b6ef6644
jev,choice,urgency-05,urgency,1,valuable,valuable,ok,335.4827500297688,,4ca42c8242aaaaab80f91ea4c2225ed4f1fcd91c647318fab8a26391b6ef6644
jev,choice,urgency-05,urgency,2,valuable,valuable,ok,255.3159169619903,,4ca42c8242aaaaab80f91ea4c2225ed4f1fcd91c647318fab8a26391b6ef6644
jev,choice,urgency-06,urgency,0,valuable,valuable,ok,235.13099999399856,,e1cafc9a41793547f1f9afcd05212bb6d63af85349a0bb0ceaae72c8f9117f03
jev,choice,urgency-06,urgency,1,valuable,valuable,ok,299.7595419874415,,e1cafc9a41793547f1f9afcd05212bb6d63af85349a0bb0ceaae72c8f9117f03
jev,choice,urgency-06,urgency,2,valuable,valuable,ok,248.6000409699045,,e1cafc9a41793547f1f9afcd05212bb6d63af85349a0bb0ceaae72c8f9117f03
jev,choice,urgency-07,urgency,0,noise,noise,ok,238.03504201350734,,b8af0b4e69a0c6bcae666485e9fc61b6217ef4ce222592ca6ff29708becfa43e
jev,choice,urgency-07,urgency,1,noise,noise,ok,257.89416703628376,,b8af0b4e69a0c6bcae666485e9fc61b6217ef4ce222592ca6ff29708becfa43e
jev,choice,urgency-07,urgency,2,noise,noise,ok,226.10691701993346,,b8af0b4e69a0c6bcae666485e9fc61b6217ef4ce222592ca6ff29708becfa43e
jev,choice,urgency-08,urgency,0,noise,noise,ok,317.4066249630414,,74d9fe9715f260a1383aa1bca03e313c180fd8482c3bcb9acafa36ca30ffaacb
jev,choice,urgency-08,urgency,1,noise,noise,ok,243.73687501065433,,74d9fe9715f260a1383aa1bca03e313c180fd8482c3bcb9acafa36ca30ffaacb
jev,choice,urgency-08,urgency,2,noise,noise,ok,272.5752499536611,,74d9fe9715f260a1383aa1bca03e313c180fd8482c3bcb9acafa36ca30ffaacb
jev,four_noul,conditional-01,conditional,0,urgent,urgent,ok,248.52279195329174,False,76b45208ea9eac4cd7347434c85cab4d479787d28692205a6a0cc7eaa51a17c5
jev,four_noul,conditional-01,conditional,1,urgent,urgent,ok,324.1139170131646,False,76b45208ea9eac4cd7347434c85cab4d479787d28692205a6a0cc7eaa51a17c5
jev,four_noul,conditional-01,conditional,2,urgent,urgent,ok,239.9584999657236,False,76b45208ea9eac4cd7347434c85cab4d479787d28692205a6a0cc7eaa51a17c5
jev,four_noul,conditional-02,conditional,0,urgent,urgent,ok,251.4210829976946,False,fdce81cfb6e4193f0adc68d80b1fbe735430eab97bb037293a6ed2696dfd0599
jev,four_noul,conditional-02,conditional,1,urgent,urgent,ok,251.59662496298552,False,fdce81cfb6e4193f0adc68d80b1fbe735430eab97bb037293a6ed2696dfd0599
jev,four_noul,conditional-02,conditional,2,urgent,urgent,ok,259.8103749915026,False,fdce81cfb6e4193f0adc68d80b1fbe735430eab97bb037293a6ed2696dfd0599
jev,four_noul,conditional-03,conditional,0,todo,todo,ok,245.92249997658655,False,0cccaeb951e01acb23c00f0bccf86c5550cd484f3643fc3739a1753f91f8f038
jev,four_noul,conditional-03,conditional,1,todo,todo,ok,270.065666991286,False,0cccaeb951e01acb23c00f0bccf86c5550cd484f3643fc3739a1753f91f8f038
jev,four_noul,conditional-03,conditional,2,todo,todo,ok,285.2272919844836,False,0cccaeb951e01acb23c00f0bccf86c5550cd484f3643fc3739a1753f91f8f038
jev,four_noul,conditional-04,conditional,0,todo,todo,ok,280.11095797410235,False,26b1a32af59516422a0006127f9884dcfe23b4fa2cd009cab1ad4fdfd5da1af6
jev,four_noul,conditional-04,conditional,1,todo,todo,ok,240.96262495731935,False,26b1a32af59516422a0006127f9884dcfe23b4fa2cd009cab1ad4fdfd5da1af6
jev,four_noul,conditional-04,conditional,2,todo,todo,ok,259.8054159898311,False,26b1a32af59516422a0006127f9884dcfe23b4fa2cd009cab1ad4fdfd5da1af6
jev,four_noul,conditional-05,conditional,0,valuable,valuable,ok,240.20499998005107,True,0335649ad46e60fe72fb5eeac62ea5b657df0ed55e77e54491ce8285438ec574
jev,four_noul,conditional-05,conditional,1,valuable,valuable,ok,299.1133329924196,True,0335649ad46e60fe72fb5eeac62ea5b657df0ed55e77e54491ce8285438ec574
jev,four_noul,conditional-05,conditional,2,valuable,valuable,ok,243.15583397401497,True,0335649ad46e60fe72fb5eeac62ea5b657df0ed55e77e54491ce8285438ec574
jev,four_noul,conditional-06,conditional,0,valuable,valuable,ok,224.4459170033224,False,4fe1fea1334f69242848c1dbd9e2dc716c2a38276ab55853517d532bd1b62b4c
jev,four_noul,conditional-06,conditional,1,valuable,valuable,ok,251.4420420047827,False,4fe1fea1334f69242848c1dbd9e2dc716c2a38276ab55853517d532bd1b62b4c
jev,four_noul,conditional-06,conditional,2,valuable,valuable,ok,364.03391597559676,False,4fe1fea1334f69242848c1dbd9e2dc716c2a38276ab55853517d532bd1b62b4c
jev,four_noul,conditional-07,conditional,0,noise,noise,ok,300.6804590113461,True,13539625dc01720d59567e42bdfc4ee6d6d65794491783c33fa2027a7750bfc6
jev,four_noul,conditional-07,conditional,1,noise,noise,ok,276.2698750011623,True,13539625dc01720d59567e42bdfc4ee6d6d65794491783c33fa2027a7750bfc6
jev,four_noul,conditional-07,conditional,2,noise,noise,ok,286.8582920054905,True,13539625dc01720d59567e42bdfc4ee6d6d65794491783c33fa2027a7750bfc6
jev,four_noul,conditional-08,conditional,0,noise,noise,ok,251.4622500166297,True,31dd25e89cfdfd37f62217aa3e3a76d55f9b09334aaaa449aa23230bfff654de
jev,four_noul,conditional-08,conditional,1,noise,noise,ok,238.21841698372737,True,31dd25e89cfdfd37f62217aa3e3a76d55f9b09334aaaa449aa23230bfff654de
jev,four_noul,conditional-08,conditional,2,noise,noise,ok,250.69408299168572,True,31dd25e89cfdfd37f62217aa3e3a76d55f9b09334aaaa449aa23230bfff654de
jev,four_noul,cross_chat-01,cross_chat,0,urgent,urgent,ok,220.1648330083117,False,1f161eaef6901136f7e57729eb8c306b2957bf03663e357631afc5b5dc700ac6
jev,four_noul,cross_chat-01,cross_chat,1,urgent,urgent,ok,250.7777499849908,False,1f161eaef6901136f7e57729eb8c306b2957bf03663e357631afc5b5dc700ac6
jev,four_noul,cross_chat-01,cross_chat,2,urgent,urgent,ok,269.9149170075543,False,1f161eaef6901136f7e57729eb8c306b2957bf03663e357631afc5b5dc700ac6
jev,four_noul,cross_chat-02,cross_chat,0,urgent,urgent,ok,266.477000026498,False,c906fb293b859bb8e6b62fc77b7e7d8ef785ff28f8176c9fc0da42b17851b2b2
jev,four_noul,cross_chat-02,cross_chat,1,urgent,urgent,ok,265.4372919932939,False,c906fb293b859bb8e6b62fc77b7e7d8ef785ff28f8176c9fc0da42b17851b2b2
jev,four_noul,cross_chat-02,cross_chat,2,urgent,urgent,ok,273.3415000257082,False,c906fb293b859bb8e6b62fc77b7e7d8ef785ff28f8176c9fc0da42b17851b2b2
jev,four_noul,cross_chat-03,cross_chat,0,todo,noise,ok,229.19454204384238,True,465383fbef29616bbd49e1f841afb141c89c8d1ee6cb71e2dcf6bed5283f2784
jev,four_noul,cross_chat-03,cross_chat,1,todo,noise,ok,237.70420800428838,True,465383fbef29616bbd49e1f841afb141c89c8d1ee6cb71e2dcf6bed5283f2784
jev,four_noul,cross_chat-03,cross_chat,2,todo,noise,ok,252.2267500171438,True,465383fbef29616bbd49e1f841afb141c89c8d1ee6cb71e2dcf6bed5283f2784
jev,four_noul,cross_chat-04,cross_chat,0,todo,todo,ok,252.05029197968543,False,de1f7576a24f4b4bad8e74294069bca7185ff3c75ac3313a0ae268271d3fc199
jev,four_noul,cross_chat-04,cross_chat,1,todo,todo,ok,255.59933297336102,False,de1f7576a24f4b4bad8e74294069bca7185ff3c75ac3313a0ae268271d3fc199
jev,four_noul,cross_chat-04,cross_chat,2,todo,todo,ok,232.95887501444668,False,de1f7576a24f4b4bad8e74294069bca7185ff3c75ac3313a0ae268271d3fc199
jev,four_noul,cross_chat-05,cross_chat,0,valuable,valuable,ok,317.0167910284363,False,98332f90b277a8a390d016e8062b300b396b2e4f946a2754f6c9286613f1f5ff
jev,four_noul,cross_chat-05,cross_chat,1,valuable,valuable,ok,232.78620897326618,False,98332f90b277a8a390d016e8062b300b396b2e4f946a2754f6c9286613f1f5ff
jev,four_noul,cross_chat-05,cross_chat,2,valuable,valuable,ok,239.73283299710602,False,98332f90b277a8a390d016e8062b300b396b2e4f946a2754f6c9286613f1f5ff
jev,four_noul,cross_chat-06,cross_chat,0,valuable,valuable,ok,239.054000005126,False,6662d20f248d451c9dff097a07a755de6a842c0aab9bb1646f093831642e896c
jev,four_noul,cross_chat-06,cross_chat,1,valuable,valuable,ok,212.47370803030208,False,6662d20f248d451c9dff097a07a755de6a842c0aab9bb1646f093831642e896c
jev,four_noul,cross_chat-06,cross_chat,2,valuable,valuable,ok,248.09495802037418,False,6662d20f248d451c9dff097a07a755de6a842c0aab9bb1646f093831642e896c
jev,four_noul,cross_chat-07,cross_chat,0,noise,noise,ok,239.1199999838136,False,b40908c91b09a348d2305261cadf580f37f09914f6e5f1013a97ef3a42754eb6
jev,four_noul,cross_chat-07,cross_chat,1,noise,noise,ok,219.0445419983007,False,b40908c91b09a348d2305261cadf580f37f09914f6e5f1013a97ef3a42754eb6
jev,four_noul,cross_chat-07,cross_chat,2,noise,noise,ok,247.27983301272616,False,b40908c91b09a348d2305261cadf580f37f09914f6e5f1013a97ef3a42754eb6
jev,four_noul,cross_chat-08,cross_chat,0,noise,noise,ok,236.22645798604935,False,b14b4503d5ed168cc077c4d5ca1f64e0329c43b2bc1a521ddda3d7560551ccf4
jev,four_noul,cross_chat-08,cross_chat,1,noise,noise,ok,277.3232079925947,False,b14b4503d5ed168cc077c4d5ca1f64e0329c43b2bc1a521ddda3d7560551ccf4
jev,four_noul,cross_chat-08,cross_chat,2,noise,noise,ok,263.1376250064932,False,b14b4503d5ed168cc077c4d5ca1f64e0329c43b2bc1a521ddda3d7560551ccf4
jev,four_noul,knowledge-01,knowledge,0,urgent,urgent,ok,279.33087496785447,False,a33f7812cfa29b22de5d58596d54658e8ad6c6fd6bd4d79f21d46ffe09b7dce3
jev,four_noul,knowledge-01,knowledge,1,urgent,urgent,ok,269.16758401785046,False,a33f7812cfa29b22de5d58596d54658e8ad6c6fd6bd4d79f21d46ffe09b7dce3
jev,four_noul,knowledge-01,knowledge,2,urgent,urgent,ok,222.69633295945823,False,a33f7812cfa29b22de5d58596d54658e8ad6c6fd6bd4d79f21d46ffe09b7dce3
jev,four_noul,knowledge-02,knowledge,0,urgent,urgent,ok,286.7671250132844,False,a1884ce57bb84e618ac6377def7281d73d5ab96d725ce2e241ed073818e3885d
jev,four_noul,knowledge-02,knowledge,1,urgent,urgent,ok,246.98029196588323,True,a1884ce57bb84e618ac6377def7281d73d5ab96d725ce2e241ed073818e3885d
jev,four_noul,knowledge-02,knowledge,2,urgent,urgent,ok,317.1362080029212,False,a1884ce57bb84e618ac6377def7281d73d5ab96d725ce2e241ed073818e3885d
jev,four_noul,knowledge-03,knowledge,0,todo,todo,ok,271.39374997932464,False,e8a48af2fba1a025a37576d0db055027c6e3d032750ee0f3913626812906b6d9
jev,four_noul,knowledge-03,knowledge,1,todo,todo,ok,226.58083401620388,False,e8a48af2fba1a025a37576d0db055027c6e3d032750ee0f3913626812906b6d9
jev,four_noul,knowledge-03,knowledge,2,todo,todo,ok,234.64154201792553,False,e8a48af2fba1a025a37576d0db055027c6e3d032750ee0f3913626812906b6d9
jev,four_noul,knowledge-04,knowledge,0,todo,todo,ok,227.48033399693668,False,948747c5fef90c334cd174b53cb312aefa5d6e3169b830325dbeac016f57c77f
jev,four_noul,knowledge-04,knowledge,1,todo,todo,ok,258.3222920075059,False,948747c5fef90c334cd174b53cb312aefa5d6e3169b830325dbeac016f57c77f
jev,four_noul,knowledge-04,knowledge,2,todo,todo,ok,232.77379205683246,False,948747c5fef90c334cd174b53cb312aefa5d6e3169b830325dbeac016f57c77f
jev,four_noul,knowledge-05,knowledge,0,valuable,valuable,ok,242.0312920003198,False,96ce0d15593d2356b2083fe254e18826b4ce8dc138558b209633b8ceb8d6a2ff
jev,four_noul,knowledge-05,knowledge,1,valuable,valuable,ok,248.68995900033042,False,96ce0d15593d2356b2083fe254e18826b4ce8dc138558b209633b8ceb8d6a2ff
jev,four_noul,knowledge-05,knowledge,2,valuable,valuable,ok,249.16445900453255,False,96ce0d15593d2356b2083fe254e18826b4ce8dc138558b209633b8ceb8d6a2ff
jev,four_noul,knowledge-06,knowledge,0,valuable,valuable,ok,280.28900001663715,False,3bb3f466de4f7780faa0814d15273cd355fe7c9de3f80f562ad716c791ef6c15
jev,four_noul,knowledge-06,knowledge,1,valuable,valuable,ok,222.02641604235396,False,3bb3f466de4f7780faa0814d15273cd355fe7c9de3f80f562ad716c791ef6c15
jev,four_noul,knowledge-06,knowledge,2,valuable,valuable,ok,259.0804590145126,False,3bb3f466de4f7780faa0814d15273cd355fe7c9de3f80f562ad716c791ef6c15
jev,four_noul,knowledge-07,knowledge,0,noise,noise,ok,237.66012501437217,True,88c4476e967cda457a143f5a6d980ad1a550f0b113fe36ee02b5ab9f74405f0d
jev,four_noul,knowledge-07,knowledge,1,noise,noise,ok,291.19183303555474,False,88c4476e967cda457a143f5a6d980ad1a550f0b113fe36ee02b5ab9f74405f0d
jev,four_noul,knowledge-07,knowledge,2,noise,noise,ok,217.56291697965935,False,88c4476e967cda457a143f5a6d980ad1a550f0b113fe36ee02b5ab9f74405f0d
jev,four_noul,knowledge-08,knowledge,0,noise,noise,ok,251.68195803416893,False,e8285cc154c9ece110a88ea772cde35f01cb6db76fb682c6827ef08f3681dfde
jev,four_noul,knowledge-08,knowledge,1,noise,noise,ok,228.4844170208089,False,e8285cc154c9ece110a88ea772cde35f01cb6db76fb682c6827ef08f3681dfde
jev,four_noul,knowledge-08,knowledge,2,noise,noise,ok,213.44266703817993,False,e8285cc154c9ece110a88ea772cde35f01cb6db76fb682c6827ef08f3681dfde
jev,four_noul,lifecycle-01,lifecycle,0,urgent,urgent,ok,232.74875001516193,True,6143ef43fcd43df5af2c83ebf56f766e8cab4ab86a8928a9fe13057ef1a70967
jev,four_noul,lifecycle-01,lifecycle,1,urgent,urgent,ok,249.06058300985023,True,6143ef43fcd43df5af2c83ebf56f766e8cab4ab86a8928a9fe13057ef1a70967
jev,four_noul,lifecycle-01,lifecycle,2,urgent,urgent,ok,270.12120897416025,True,6143ef43fcd43df5af2c83ebf56f766e8cab4ab86a8928a9fe13057ef1a70967
jev,four_noul,lifecycle-02,lifecycle,0,urgent,urgent,ok,252.06358300056309,False,eae15f49f02bec72efa97985acefc966c6a49097b1d798e1d858a7869fb23b66
jev,four_noul,lifecycle-02,lifecycle,1,urgent,urgent,ok,300.522584002465,False,eae15f49f02bec72efa97985acefc966c6a49097b1d798e1d858a7869fb23b66
jev,four_noul,lifecycle-02,lifecycle,2,urgent,urgent,ok,262.80183298513293,False,eae15f49f02bec72efa97985acefc966c6a49097b1d798e1d858a7869fb23b66
jev,four_noul,lifecycle-03,lifecycle,0,todo,todo,ok,241.7637089965865,False,5f89c2a77b90a703305868054546c60fada92106f25824ba372ddd3880b6b599
jev,four_noul,lifecycle-03,lifecycle,1,todo,todo,ok,268.15633301157504,False,5f89c2a77b90a703305868054546c60fada92106f25824ba372ddd3880b6b599
jev,four_noul,lifecycle-03,lifecycle,2,todo,todo,ok,243.93279099604115,False,5f89c2a77b90a703305868054546c60fada92106f25824ba372ddd3880b6b599
jev,four_noul,lifecycle-04,lifecycle,0,todo,todo,ok,233.27587498351932,False,1e150ee4c4917124fe213a57bcb0098a3874ef7429a2206c3a9f80df3b6396b4
jev,four_noul,lifecycle-04,lifecycle,1,todo,todo,ok,254.3327920138836,False,1e150ee4c4917124fe213a57bcb0098a3874ef7429a2206c3a9f80df3b6396b4
jev,four_noul,lifecycle-04,lifecycle,2,todo,todo,ok,218.95529102766886,False,1e150ee4c4917124fe213a57bcb0098a3874ef7429a2206c3a9f80df3b6396b4
jev,four_noul,lifecycle-05,lifecycle,0,valuable,valuable,ok,245.2506250119768,False,8b60e9493f71621eb689d8cc25bb41c4a8b39da0a979ef614c9b6a6e203a5060
jev,four_noul,lifecycle-05,lifecycle,1,valuable,valuable,ok,233.64433302776888,False,8b60e9493f71621eb689d8cc25bb41c4a8b39da0a979ef614c9b6a6e203a5060
jev,four_noul,lifecycle-05,lifecycle,2,valuable,valuable,ok,242.79858299996704,False,8b60e9493f71621eb689d8cc25bb41c4a8b39da0a979ef614c9b6a6e203a5060
jev,four_noul,lifecycle-06,lifecycle,0,valuable,valuable,ok,248.94891696749255,False,bd886cacf6b4fb90c827d3339d84bb9e88fbdd97da072331537fe129ca6a3d49
jev,four_noul,lifecycle-06,lifecycle,1,valuable,valuable,ok,277.40929200081155,False,bd886cacf6b4fb90c827d3339d84bb9e88fbdd97da072331537fe129ca6a3d49
jev,four_noul,lifecycle-06,lifecycle,2,valuable,valuable,ok,218.82137504871935,False,bd886cacf6b4fb90c827d3339d84bb9e88fbdd97da072331537fe129ca6a3d49
jev,four_noul,lifecycle-07,lifecycle,0,noise,noise,ok,251.81695801438764,True,ce73ba4559ee814d917a8ea5762692a64c310d2abd1a5e6b86eae6b3482cb539
jev,four_noul,lifecycle-07,lifecycle,1,noise,noise,ok,256.36733300052583,True,ce73ba4559ee814d917a8ea5762692a64c310d2abd1a5e6b86eae6b3482cb539
jev,four_noul,lifecycle-07,lifecycle,2,noise,noise,ok,281.07512497808784,True,ce73ba4559ee814d917a8ea5762692a64c310d2abd1a5e6b86eae6b3482cb539
jev,four_noul,lifecycle-08,lifecycle,0,noise,noise,ok,246.7142500099726,True,71689c8b612471e5633df6f0ad1daede6abc36f71f12c3c8642d860fe88163a9
jev,four_noul,lifecycle-08,lifecycle,1,noise,noise,ok,251.4035000349395,True,71689c8b612471e5633df6f0ad1daede6abc36f71f12c3c8642d860fe88163a9
jev,four_noul,lifecycle-08,lifecycle,2,noise,noise,ok,233.94241597270593,True,71689c8b612471e5633df6f0ad1daede6abc36f71f12c3c8642d860fe88163a9
jev,four_noul,ownership-01,ownership,0,urgent,urgent,ok,280.38591699441895,False,7cd8ea049b7459ee9c749645e757a9af480c26d6889ca7fba84f64e455af09a3
jev,four_noul,ownership-01,ownership,1,urgent,urgent,ok,405.2408749703318,False,7cd8ea049b7459ee9c749645e757a9af480c26d6889ca7fba84f64e455af09a3
jev,four_noul,ownership-01,ownership,2,urgent,urgent,ok,353.15741697559133,False,7cd8ea049b7459ee9c749645e757a9af480c26d6889ca7fba84f64e455af09a3
jev,four_noul,ownership-02,ownership,0,urgent,urgent,ok,250.35837502218783,False,f36fdac4ddf8e80cedf58e5932fa626c878525b9549851c640716ef5f1054b37
jev,four_noul,ownership-02,ownership,1,urgent,urgent,ok,254.2912500211969,False,f36fdac4ddf8e80cedf58e5932fa626c878525b9549851c640716ef5f1054b37
jev,four_noul,ownership-02,ownership,2,urgent,urgent,ok,324.68449999578297,False,f36fdac4ddf8e80cedf58e5932fa626c878525b9549851c640716ef5f1054b37
jev,four_noul,ownership-03,ownership,0,todo,todo,ok,221.59616701537743,False,72de14774b03cb37331ba32dde48dd56df3e12e76287a2c0c426049a23b2a195
jev,four_noul,ownership-03,ownership,1,todo,todo,ok,236.91558296559379,False,72de14774b03cb37331ba32dde48dd56df3e12e76287a2c0c426049a23b2a195
jev,four_noul,ownership-03,ownership,2,todo,todo,ok,238.33800002466887,False,72de14774b03cb37331ba32dde48dd56df3e12e76287a2c0c426049a23b2a195
jev,four_noul,ownership-04,ownership,0,todo,todo,ok,340.6679590116255,False,c84e613f3f9eb3e02b806621094f55d8c6baa379fa9932edd3897a55fa80adc4
jev,four_noul,ownership-04,ownership,1,todo,todo,ok,241.77875003078952,False,c84e613f3f9eb3e02b806621094f55d8c6baa379fa9932edd3897a55fa80adc4
jev,four_noul,ownership-04,ownership,2,todo,todo,ok,259.9867500248365,False,c84e613f3f9eb3e02b806621094f55d8c6baa379fa9932edd3897a55fa80adc4
jev,four_noul,ownership-05,ownership,0,valuable,valuable,ok,222.5442089838907,False,fc88d843153e380672243db4a2a3cceb20f540874230924605c21c85f75723bf
jev,four_noul,ownership-05,ownership,1,valuable,valuable,ok,242.21608397783712,False,fc88d843153e380672243db4a2a3cceb20f540874230924605c21c85f75723bf
jev,four_noul,ownership-05,ownership,2,valuable,valuable,ok,229.16441701818258,False,fc88d843153e380672243db4a2a3cceb20f540874230924605c21c85f75723bf
jev,four_noul,ownership-06,ownership,0,valuable,valuable,ok,235.5135830002837,False,6c8b45b1567720aeace61f1b9cb96ce6f0020464b8f9880f0c2aa06fa15cdaf6
jev,four_noul,ownership-06,ownership,1,valuable,valuable,ok,291.19495797203854,False,6c8b45b1567720aeace61f1b9cb96ce6f0020464b8f9880f0c2aa06fa15cdaf6
jev,four_noul,ownership-06,ownership,2,valuable,valuable,ok,237.08450002595782,False,6c8b45b1567720aeace61f1b9cb96ce6f0020464b8f9880f0c2aa06fa15cdaf6
jev,four_noul,ownership-07,ownership,0,noise,noise,ok,223.50245801499113,False,b7b16f6d4febbfda41094be2cc6d92bd68389770a94f169d4d69d6f970db463c
jev,four_noul,ownership-07,ownership,1,noise,noise,ok,291.4167910348624,False,b7b16f6d4febbfda41094be2cc6d92bd68389770a94f169d4d69d6f970db463c
jev,four_noul,ownership-07,ownership,2,noise,noise,ok,246.24954198952764,False,b7b16f6d4febbfda41094be2cc6d92bd68389770a94f169d4d69d6f970db463c
jev,four_noul,ownership-08,ownership,0,noise,noise,ok,235.39095796877518,False,d9b15d04dfa235f32a2d6eceefce2d6853865dd8ed58d3a5977fed522964ed68
jev,four_noul,ownership-08,ownership,1,noise,noise,ok,267.692832974717,False,d9b15d04dfa235f32a2d6eceefce2d6853865dd8ed58d3a5977fed522964ed68
jev,four_noul,ownership-08,ownership,2,noise,noise,ok,237.79170797206461,False,d9b15d04dfa235f32a2d6eceefce2d6853865dd8ed58d3a5977fed522964ed68
jev,four_noul,thread_context-01,thread_context,0,urgent,urgent,ok,291.99454199988395,False,8289521a4eb8761ac3bb1fe3c9fba97ec094e301453dab4d09a11a4c24cd9d62
jev,four_noul,thread_context-01,thread_context,1,urgent,urgent,ok,254.29083302151412,False,8289521a4eb8761ac3bb1fe3c9fba97ec094e301453dab4d09a11a4c24cd9d62
jev,four_noul,thread_context-01,thread_context,2,urgent,urgent,ok,223.67162496084347,False,8289521a4eb8761ac3bb1fe3c9fba97ec094e301453dab4d09a11a4c24cd9d62
jev,four_noul,thread_context-02,thread_context,0,urgent,urgent,ok,246.62729096598923,False,5fdab9de5ec8553ec1e667b013ac30133831843a1abfe1434c62fe0a48615dc5
jev,four_noul,thread_context-02,thread_context,1,urgent,urgent,ok,222.79679198982194,False,5fdab9de5ec8553ec1e667b013ac30133831843a1abfe1434c62fe0a48615dc5
jev,four_noul,thread_context-02,thread_context,2,urgent,urgent,ok,253.77045903587714,False,5fdab9de5ec8553ec1e667b013ac30133831843a1abfe1434c62fe0a48615dc5
jev,four_noul,thread_context-03,thread_context,0,todo,todo,ok,278.13420799793676,False,cbc26f4be2c009c67e595da586c8e5c59f5001da11360e1ba0dcbe07e8e92fc6
jev,four_noul,thread_context-03,thread_context,1,todo,todo,ok,302.59387503610924,False,cbc26f4be2c009c67e595da586c8e5c59f5001da11360e1ba0dcbe07e8e92fc6
jev,four_noul,thread_context-03,thread_context,2,todo,todo,ok,245.56099995970726,False,cbc26f4be2c009c67e595da586c8e5c59f5001da11360e1ba0dcbe07e8e92fc6
jev,four_noul,thread_context-04,thread_context,0,todo,todo,ok,231.15004203282297,True,3203672512785d47f1d9c6fdc7645d20efcfcb22ed8ec101da2743aee3ca67dc
jev,four_noul,thread_context-04,thread_context,1,todo,todo,ok,229.25420897081494,True,3203672512785d47f1d9c6fdc7645d20efcfcb22ed8ec101da2743aee3ca67dc
jev,four_noul,thread_context-04,thread_context,2,todo,todo,ok,223.79404195817187,True,3203672512785d47f1d9c6fdc7645d20efcfcb22ed8ec101da2743aee3ca67dc
jev,four_noul,thread_context-05,thread_context,0,valuable,valuable,ok,232.99179098103195,False,acb0b93e758eab64c67b0eda1be1a47416ccb9e297353616809ddce50325a08e
jev,four_noul,thread_context-05,thread_context,1,valuable,valuable,ok,266.52695797383785,False,acb0b93e758eab64c67b0eda1be1a47416ccb9e297353616809ddce50325a08e
jev,four_noul,thread_context-05,thread_context,2,valuable,valuable,ok,241.3305839872919,False,acb0b93e758eab64c67b0eda1be1a47416ccb9e297353616809ddce50325a08e
jev,four_noul,thread_context-06,thread_context,0,valuable,valuable,ok,252.444917045068,False,cf849651eec6372e32487a8b7a5a87f7c72c0f1bf789ee5cbe17bcd6d92c4aba
jev,four_noul,thread_context-06,thread_context,1,valuable,valuable,ok,248.32591699669138,False,cf849651eec6372e32487a8b7a5a87f7c72c0f1bf789ee5cbe17bcd6d92c4aba
jev,four_noul,thread_context-06,thread_context,2,valuable,valuable,ok,277.4250420043245,False,cf849651eec6372e32487a8b7a5a87f7c72c0f1bf789ee5cbe17bcd6d92c4aba
jev,four_noul,thread_context-07,thread_context,0,noise,noise,ok,269.02754104230553,True,cd2ac1b486f293af4c0b3acac191abb118b9a8e39269006de562295246c3491a
jev,four_noul,thread_context-07,thread_context,1,noise,noise,ok,219.00358400307596,True,cd2ac1b486f293af4c0b3acac191abb118b9a8e39269006de562295246c3491a
jev,four_noul,thread_context-07,thread_context,2,noise,noise,ok,331.1529580387287,True,cd2ac1b486f293af4c0b3acac191abb118b9a8e39269006de562295246c3491a
jev,four_noul,thread_context-08,thread_context,0,noise,noise,ok,264.70612501725554,True,869a9fb980a845ac82b324c1438028a997671aea38fc2ccca71198bdb2782b41
jev,four_noul,thread_context-08,thread_context,1,noise,noise,ok,302.10233299294487,True,869a9fb980a845ac82b324c1438028a997671aea38fc2ccca71198bdb2782b41
jev,four_noul,thread_context-08,thread_context,2,noise,noise,ok,268.02437502192333,True,869a9fb980a845ac82b324c1438028a997671aea38fc2ccca71198bdb2782b41
jev,four_noul,untrusted_content-01,untrusted_content,0,urgent,urgent,ok,239.99641695991158,False,611246190b3bde1294f5fda980b0023fb9a9535346ebacc976e89bde4d775ac1
jev,four_noul,untrusted_content-01,untrusted_content,1,urgent,urgent,ok,296.2910420028493,False,611246190b3bde1294f5fda980b0023fb9a9535346ebacc976e89bde4d775ac1
jev,four_noul,untrusted_content-01,untrusted_content,2,urgent,urgent,ok,247.96050001168624,False,611246190b3bde1294f5fda980b0023fb9a9535346ebacc976e89bde4d775ac1
jev,four_noul,untrusted_content-02,untrusted_content,0,urgent,urgent,ok,256.2675829976797,False,075161852e16c5a6478cb6675f0d6436eee867b4b64b4d91d10f5cbbf8063331
jev,four_noul,untrusted_content-02,untrusted_content,1,urgent,urgent,ok,235.4429159895517,False,075161852e16c5a6478cb6675f0d6436eee867b4b64b4d91d10f5cbbf8063331
jev,four_noul,untrusted_content-02,untrusted_content,2,urgent,urgent,ok,245.66833395510912,False,075161852e16c5a6478cb6675f0d6436eee867b4b64b4d91d10f5cbbf8063331
jev,four_noul,untrusted_content-03,untrusted_content,0,todo,todo,ok,257.4069169932045,False,df11ef4306f7d4142a37abba2dd774798be1d92436494b3a068f2b1889736e32
jev,four_noul,untrusted_content-03,untrusted_content,1,todo,todo,ok,282.3598340037279,False,df11ef4306f7d4142a37abba2dd774798be1d92436494b3a068f2b1889736e32
jev,four_noul,untrusted_content-03,untrusted_content,2,todo,todo,ok,259.63275000685826,False,df11ef4306f7d4142a37abba2dd774798be1d92436494b3a068f2b1889736e32
jev,four_noul,untrusted_content-04,untrusted_content,0,todo,todo,ok,310.80470798769966,False,d9c8e9a9da7ca40fe4aad24b0c8f76b078148d868be5e7f3d5506f920ba69948
jev,four_noul,untrusted_content-04,untrusted_content,1,todo,todo,ok,226.5110409935005,False,d9c8e9a9da7ca40fe4aad24b0c8f76b078148d868be5e7f3d5506f920ba69948
jev,four_noul,untrusted_content-04,untrusted_content,2,todo,todo,ok,280.88837501127273,False,d9c8e9a9da7ca40fe4aad24b0c8f76b078148d868be5e7f3d5506f920ba69948
jev,four_noul,untrusted_content-05,untrusted_content,0,valuable,valuable,ok,313.270749989897,False,891c94dd1334313fd806fc7af6e425bd45e61dd8eb018fb7fa0c9368c86ade26
jev,four_noul,untrusted_content-05,untrusted_content,1,valuable,valuable,ok,241.34195799706504,True,891c94dd1334313fd806fc7af6e425bd45e61dd8eb018fb7fa0c9368c86ade26
jev,four_noul,untrusted_content-05,untrusted_content,2,valuable,valuable,ok,221.211249998305,True,891c94dd1334313fd806fc7af6e425bd45e61dd8eb018fb7fa0c9368c86ade26
jev,four_noul,untrusted_content-06,untrusted_content,0,valuable,valuable,ok,349.42141600186005,False,13eeaddc911a9db5dc66a7cdc6e18425527ff989422059ce9425029b2bbd8ec6
jev,four_noul,untrusted_content-06,untrusted_content,1,valuable,valuable,ok,222.08458301611245,False,13eeaddc911a9db5dc66a7cdc6e18425527ff989422059ce9425029b2bbd8ec6
jev,four_noul,untrusted_content-06,untrusted_content,2,valuable,valuable,ok,253.48708301316947,False,13eeaddc911a9db5dc66a7cdc6e18425527ff989422059ce9425029b2bbd8ec6
jev,four_noul,untrusted_content-07,untrusted_content,0,noise,noise,ok,230.8196669910103,False,803f4d69d6a6b91a633f3ff93f8d5a0b5f8a73d9d2993b1e1f8b5d11706d3ea2
jev,four_noul,untrusted_content-07,untrusted_content,1,noise,noise,ok,268.28933297656476,False,803f4d69d6a6b91a633f3ff93f8d5a0b5f8a73d9d2993b1e1f8b5d11706d3ea2
jev,four_noul,untrusted_content-07,untrusted_content,2,noise,noise,ok,256.05424999957904,False,803f4d69d6a6b91a633f3ff93f8d5a0b5f8a73d9d2993b1e1f8b5d11706d3ea2
jev,four_noul,untrusted_content-08,untrusted_content,0,noise,noise,ok,303.0617500189692,False,8cf3ba8afda20b0c6b49c3c0539676cc4d9896cfd46cdc2d3aa7b9147bea15c4
jev,four_noul,untrusted_content-08,untrusted_content,1,noise,noise,ok,243.10179200256243,False,8cf3ba8afda20b0c6b49c3c0539676cc4d9896cfd46cdc2d3aa7b9147bea15c4
jev,four_noul,untrusted_content-08,untrusted_content,2,noise,noise,ok,246.4383330079727,False,8cf3ba8afda20b0c6b49c3c0539676cc4d9896cfd46cdc2d3aa7b9147bea15c4
jev,four_noul,urgency-01,urgency,0,urgent,urgent,ok,226.95758403278887,False,adb92e85f10c59386106bf00d0ef7960c5eaac271e651d704cdacb386304d2e2
jev,four_noul,urgency-01,urgency,1,urgent,urgent,ok,250.2013749908656,False,adb92e85f10c59386106bf00d0ef7960c5eaac271e651d704cdacb386304d2e2
jev,four_noul,urgency-01,urgency,2,urgent,urgent,ok,306.04391696397215,False,adb92e85f10c59386106bf00d0ef7960c5eaac271e651d704cdacb386304d2e2
jev,four_noul,urgency-02,urgency,0,urgent,urgent,ok,254.63849998777732,False,771cd1dc0046a0b557d9a064d99b040492c614cfcfc88618bad46bf149c43e7b
jev,four_noul,urgency-02,urgency,1,urgent,urgent,ok,278.306792024523,False,771cd1dc0046a0b557d9a064d99b040492c614cfcfc88618bad46bf149c43e7b
jev,four_noul,urgency-02,urgency,2,urgent,urgent,ok,240.55308301467448,False,771cd1dc0046a0b557d9a064d99b040492c614cfcfc88618bad46bf149c43e7b
jev,four_noul,urgency-03,urgency,0,todo,todo,ok,269.4815000286326,True,ca4099b83f81a6dbe40446afc045740368101d36945c377e9195fa9bdf350437
jev,four_noul,urgency-03,urgency,1,todo,todo,ok,259.0185839799233,True,ca4099b83f81a6dbe40446afc045740368101d36945c377e9195fa9bdf350437
jev,four_noul,urgency-03,urgency,2,todo,todo,ok,246.22866697609425,True,ca4099b83f81a6dbe40446afc045740368101d36945c377e9195fa9bdf350437
jev,four_noul,urgency-04,urgency,0,todo,todo,ok,272.9317919583991,False,3c0c5bef5a61d614e876c0c06765856d0d7eb8292aa53858b18b688386f635f4
jev,four_noul,urgency-04,urgency,1,todo,todo,ok,242.27624997729436,False,3c0c5bef5a61d614e876c0c06765856d0d7eb8292aa53858b18b688386f635f4
jev,four_noul,urgency-04,urgency,2,todo,todo,ok,242.85341700306162,False,3c0c5bef5a61d614e876c0c06765856d0d7eb8292aa53858b18b688386f635f4
jev,four_noul,urgency-05,urgency,0,valuable,valuable,ok,288.9484170009382,False,58f38575c5fd9e35a17c1f8ed29120d24b66899f7b9c78a37adb8ea443b2089e
jev,four_noul,urgency-05,urgency,1,valuable,valuable,ok,215.24720900924876,False,58f38575c5fd9e35a17c1f8ed29120d24b66899f7b9c78a37adb8ea443b2089e
jev,four_noul,urgency-05,urgency,2,valuable,valuable,ok,249.26329200388864,False,58f38575c5fd9e35a17c1f8ed29120d24b66899f7b9c78a37adb8ea443b2089e
jev,four_noul,urgency-06,urgency,0,valuable,valuable,ok,241.40737496782094,False,89b1a3ae52e9f24de80e724ae725ec59fec814ecdef2b760b24d496f01a689cf
jev,four_noul,urgency-06,urgency,1,valuable,valuable,ok,260.4361670091748,False,89b1a3ae52e9f24de80e724ae725ec59fec814ecdef2b760b24d496f01a689cf
jev,four_noul,urgency-06,urgency,2,valuable,valuable,ok,226.73416702309623,False,89b1a3ae52e9f24de80e724ae725ec59fec814ecdef2b760b24d496f01a689cf
jev,four_noul,urgency-07,urgency,0,noise,noise,ok,247.42670799605548,False,3bff6c88289c653315ac44a22f994a1aed9bb188034b60ea1125e9c7e428c406
jev,four_noul,urgency-07,urgency,1,noise,noise,ok,221.43154201330617,False,3bff6c88289c653315ac44a22f994a1aed9bb188034b60ea1125e9c7e428c406
jev,four_noul,urgency-07,urgency,2,noise,noise,ok,250.49358297837898,False,3bff6c88289c653315ac44a22f994a1aed9bb188034b60ea1125e9c7e428c406
jev,four_noul,urgency-08,urgency,0,noise,noise,ok,223.47695799544454,True,817dd4849a85325552816a0397dea5a2baf92ec0c56fb6ca1c109678b4ca4317
jev,four_noul,urgency-08,urgency,1,noise,noise,ok,260.8359169680625,True,817dd4849a85325552816a0397dea5a2baf92ec0c56fb6ca1c109678b4ca4317
jev,four_noul,urgency-08,urgency,2,noise,noise,ok,229.77154096588492,True,817dd4849a85325552816a0397dea5a2baf92ec0c56fb6ca1c109678b4ca4317
laya,choice,conditional-01,conditional,0,urgent,valuable,ok,203.773082990665,,e3c5ace940a1a1b1d7fda17b16f1642bb2901b3d55118f1e2b30dfba0125ab4b
laya,choice,conditional-01,conditional,1,urgent,valuable,ok,108.00916596781462,,e3c5ace940a1a1b1d7fda17b16f1642bb2901b3d55118f1e2b30dfba0125ab4b
laya,choice,conditional-01,conditional,2,urgent,valuable,ok,177.7801249991171,,e3c5ace940a1a1b1d7fda17b16f1642bb2901b3d55118f1e2b30dfba0125ab4b
laya,choice,conditional-02,conditional,0,urgent,valuable,ok,98.539124999661,,fb65e8d6c22dc984e1efd0c1ac27270aaeba85045cc9ab3d808ba3b1c4bb81f8
laya,choice,conditional-02,conditional,1,urgent,valuable,ok,146.3311249972321,,fb65e8d6c22dc984e1efd0c1ac27270aaeba85045cc9ab3d808ba3b1c4bb81f8
laya,choice,conditional-02,conditional,2,urgent,valuable,ok,111.02320801001042,,fb65e8d6c22dc984e1efd0c1ac27270aaeba85045cc9ab3d808ba3b1c4bb81f8
laya,choice,conditional-03,conditional,0,todo,todo,ok,156.3750000204891,,2085eb649e2094d72de7b0f41c5e9f8e9ff60c2352e4289b77e2fe518dd0d145
laya,choice,conditional-03,conditional,1,todo,todo,ok,152.44633395923302,,2085eb649e2094d72de7b0f41c5e9f8e9ff60c2352e4289b77e2fe518dd0d145
laya,choice,conditional-03,conditional,2,todo,todo,ok,169.7298749932088,,2085eb649e2094d72de7b0f41c5e9f8e9ff60c2352e4289b77e2fe518dd0d145
laya,choice,conditional-04,conditional,0,todo,valuable,ok,155.97016602987424,,6ce30a3bf7bb8f91d71d1eba60e673f13ee5a7141b82caf149b7c7dbd49ff4e4
laya,choice,conditional-04,conditional,1,todo,valuable,ok,163.31645898753777,,6ce30a3bf7bb8f91d71d1eba60e673f13ee5a7141b82caf149b7c7dbd49ff4e4
laya,choice,conditional-04,conditional,2,todo,valuable,ok,168.06420899229124,,6ce30a3bf7bb8f91d71d1eba60e673f13ee5a7141b82caf149b7c7dbd49ff4e4
laya,choice,conditional-05,conditional,0,valuable,valuable,ok,190.13108301442116,,70fb063b3552fb01866b596d1ea49cc605b53ecaf61a3a94a0e6eb254a6749e5
laya,choice,conditional-05,conditional,1,valuable,valuable,ok,144.15595796890557,,70fb063b3552fb01866b596d1ea49cc605b53ecaf61a3a94a0e6eb254a6749e5
laya,choice,conditional-05,conditional,2,valuable,valuable,ok,159.71187502145767,,70fb063b3552fb01866b596d1ea49cc605b53ecaf61a3a94a0e6eb254a6749e5
laya,choice,conditional-06,conditional,0,valuable,todo,ok,108.08570799417794,,6afe953792848fba379f3f025101c75b28e64bd8a8df9d88df8f6dc512bcd162
laya,choice,conditional-06,conditional,1,valuable,todo,ok,162.8350419923663,,6afe953792848fba379f3f025101c75b28e64bd8a8df9d88df8f6dc512bcd162
laya,choice,conditional-06,conditional,2,valuable,todo,ok,108.36687497794628,,6afe953792848fba379f3f025101c75b28e64bd8a8df9d88df8f6dc512bcd162
laya,choice,conditional-07,conditional,0,noise,valuable,ok,140.2877499931492,,6b3932788fb340372fd059dfe591dfdd83598f5cd7c8106653def6843b9afd43
laya,choice,conditional-07,conditional,1,noise,valuable,ok,255.97087503410876,,6b3932788fb340372fd059dfe591dfdd83598f5cd7c8106653def6843b9afd43
laya,choice,conditional-07,conditional,2,noise,valuable,ok,103.7143329740502,,6b3932788fb340372fd059dfe591dfdd83598f5cd7c8106653def6843b9afd43
laya,choice,conditional-08,conditional,0,noise,valuable,ok,124.60483401082456,,8b570638ad1f752eba0cb43f6ee3a03ded4a6801455b72de73d95deb61002dae
laya,choice,conditional-08,conditional,1,noise,valuable,ok,158.41262502362952,,8b570638ad1f752eba0cb43f6ee3a03ded4a6801455b72de73d95deb61002dae
laya,choice,conditional-08,conditional,2,noise,valuable,ok,153.05504197021946,,8b570638ad1f752eba0cb43f6ee3a03ded4a6801455b72de73d95deb61002dae
laya,choice,cross_chat-01,cross_chat,0,urgent,urgent,ok,166.18866700446233,,1f13c071e9ab48bf3ce74b796432d60f2a2d0cca9794208c11418708ee1a9b66
laya,choice,cross_chat-01,cross_chat,1,urgent,urgent,ok,208.87024997500703,,1f13c071e9ab48bf3ce74b796432d60f2a2d0cca9794208c11418708ee1a9b66
laya,choice,cross_chat-01,cross_chat,2,urgent,urgent,ok,182.5608750223182,,1f13c071e9ab48bf3ce74b796432d60f2a2d0cca9794208c11418708ee1a9b66
laya,choice,cross_chat-02,cross_chat,0,urgent,urgent,ok,179.32683299295604,,c81a0b894a8e9049d13e8fbddfd3d9850ae1575c15898c30502ab400a5135418
laya,choice,cross_chat-02,cross_chat,1,urgent,urgent,ok,126.92279100883752,,c81a0b894a8e9049d13e8fbddfd3d9850ae1575c15898c30502ab400a5135418
laya,choice,cross_chat-02,cross_chat,2,urgent,urgent,ok,97.52645797561854,,c81a0b894a8e9049d13e8fbddfd3d9850ae1575c15898c30502ab400a5135418
laya,choice,cross_chat-03,cross_chat,0,todo,urgent,ok,149.53075000084937,,181c2544c4771a05fb689f0752c61153fda258bec766a234e26df18949676149
laya,choice,cross_chat-03,cross_chat,1,todo,urgent,ok,165.04629200790077,,181c2544c4771a05fb689f0752c61153fda258bec766a234e26df18949676149
laya,choice,cross_chat-03,cross_chat,2,todo,urgent,ok,175.0544589594938,,181c2544c4771a05fb689f0752c61153fda258bec766a234e26df18949676149
laya,choice,cross_chat-04,cross_chat,0,todo,todo,ok,171.3731670170091,,5d3ee9b1fafcb1c9e6391d50de4b5d9b856126e9ab9fa7f4f59a1689e57d2326
laya,choice,cross_chat-04,cross_chat,1,todo,todo,ok,189.39795799087733,,5d3ee9b1fafcb1c9e6391d50de4b5d9b856126e9ab9fa7f4f59a1689e57d2326
laya,choice,cross_chat-04,cross_chat,2,todo,todo,ok,172.8220410295762,,5d3ee9b1fafcb1c9e6391d50de4b5d9b856126e9ab9fa7f4f59a1689e57d2326
laya,choice,cross_chat-05,cross_chat,0,valuable,urgent,ok,138.2482080371119,,a5eb99edf38428141ce8ff74e9f6553b1659d6774d6a5ea34677643a0cb8686f
laya,choice,cross_chat-05,cross_chat,1,valuable,urgent,ok,194.91820799885318,,a5eb99edf38428141ce8ff74e9f6553b1659d6774d6a5ea34677643a0cb8686f
laya,choice,cross_chat-05,cross_chat,2,valuable,urgent,ok,169.4880420109257,,a5eb99edf38428141ce8ff74e9f6553b1659d6774d6a5ea34677643a0cb8686f
laya,choice,cross_chat-06,cross_chat,0,valuable,todo,ok,117.84233298385516,,1c21051371eae004b447177a2044de7cfc6318b205987e3b19622de076dafa78
laya,choice,cross_chat-06,cross_chat,1,valuable,todo,ok,168.65945799509063,,1c21051371eae004b447177a2044de7cfc6318b205987e3b19622de076dafa78
laya,choice,cross_chat-06,cross_chat,2,valuable,todo,ok,154.3585840263404,,1c21051371eae004b447177a2044de7cfc6318b205987e3b19622de076dafa78
laya,choice,cross_chat-07,cross_chat,0,noise,urgent,ok,127.79229099396616,,41bafdc9de25591f501d0ce0f5f9648f7eea197caaaeae0394e97841dd235ba5
laya,choice,cross_chat-07,cross_chat,1,noise,urgent,ok,162.226082989946,,41bafdc9de25591f501d0ce0f5f9648f7eea197caaaeae0394e97841dd235ba5
laya,choice,cross_chat-07,cross_chat,2,noise,urgent,ok,107.05808299826458,,41bafdc9de25591f501d0ce0f5f9648f7eea197caaaeae0394e97841dd235ba5
laya,choice,cross_chat-08,cross_chat,0,noise,urgent,ok,143.62899999832734,,a5b254746ae2a6f5b4f036fdd2f1f3f044df2accf88199e968a9f7f0c780748c
laya,choice,cross_chat-08,cross_chat,1,noise,urgent,ok,106.68283299310133,,a5b254746ae2a6f5b4f036fdd2f1f3f044df2accf88199e968a9f7f0c780748c
laya,choice,cross_chat-08,cross_chat,2,noise,urgent,ok,163.9497919823043,,a5b254746ae2a6f5b4f036fdd2f1f3f044df2accf88199e968a9f7f0c780748c
laya,choice,knowledge-01,knowledge,0,urgent,urgent,ok,99.43512495374307,,39d00fdec8595caacf199b3ac3623d42393e8e8a6a5ee4c96207007ec7bdd838
laya,choice,knowledge-01,knowledge,1,urgent,urgent,ok,155.9822920244187,,39d00fdec8595caacf199b3ac3623d42393e8e8a6a5ee4c96207007ec7bdd838
laya,choice,knowledge-01,knowledge,2,urgent,urgent,ok,144.90362501237541,,39d00fdec8595caacf199b3ac3623d42393e8e8a6a5ee4c96207007ec7bdd838
laya,choice,knowledge-02,knowledge,0,urgent,urgent,ok,158.2665839814581,,7d96c3bcbecaacd65a2f8d87b7344b68c95ac6d120d7a5ea958a93557a9b6d29
laya,choice,knowledge-02,knowledge,1,urgent,urgent,ok,145.9587499848567,,7d96c3bcbecaacd65a2f8d87b7344b68c95ac6d120d7a5ea958a93557a9b6d29
laya,choice,knowledge-02,knowledge,2,urgent,urgent,ok,97.1309170126915,,7d96c3bcbecaacd65a2f8d87b7344b68c95ac6d120d7a5ea958a93557a9b6d29
laya,choice,knowledge-03,knowledge,0,todo,urgent,ok,169.37441600020975,,5a80f4f5a76930726df0ab3457ed2782f2cccb65f812a6c2d0cf9ec04b212b01
laya,choice,knowledge-03,knowledge,1,todo,urgent,ok,194.48358297813684,,5a80f4f5a76930726df0ab3457ed2782f2cccb65f812a6c2d0cf9ec04b212b01
laya,choice,knowledge-03,knowledge,2,todo,urgent,ok,121.82287499308586,,5a80f4f5a76930726df0ab3457ed2782f2cccb65f812a6c2d0cf9ec04b212b01
laya,choice,knowledge-04,knowledge,0,todo,urgent,ok,164.54891703324392,,063cbdceb06b701deb7710f987f42ef7d7a9d02fd029487803edba7de088e388
laya,choice,knowledge-04,knowledge,1,todo,urgent,ok,156.2592500122264,,063cbdceb06b701deb7710f987f42ef7d7a9d02fd029487803edba7de088e388
laya,choice,knowledge-04,knowledge,2,todo,urgent,ok,97.41545800352469,,063cbdceb06b701deb7710f987f42ef7d7a9d02fd029487803edba7de088e388
laya,choice,knowledge-05,knowledge,0,valuable,valuable,ok,125.78133295755833,,d69b5ae2fe727a8411665d1f679be6cb5b1adc65dd3e38af90763b830694e577
laya,choice,knowledge-05,knowledge,1,valuable,valuable,ok,204.00074997451156,,d69b5ae2fe727a8411665d1f679be6cb5b1adc65dd3e38af90763b830694e577
laya,choice,knowledge-05,knowledge,2,valuable,valuable,ok,99.78991601383314,,d69b5ae2fe727a8411665d1f679be6cb5b1adc65dd3e38af90763b830694e577
laya,choice,knowledge-06,knowledge,0,valuable,urgent,ok,101.10429202904925,,5cbf090356cfe9ec2fd80e513c6b23babf0e88912446df5ac0ed371c0de23902
laya,choice,knowledge-06,knowledge,1,valuable,urgent,ok,124.9647910008207,,5cbf090356cfe9ec2fd80e513c6b23babf0e88912446df5ac0ed371c0de23902
laya,choice,knowledge-06,knowledge,2,valuable,urgent,ok,132.110417005606,,5cbf090356cfe9ec2fd80e513c6b23babf0e88912446df5ac0ed371c0de23902
laya,choice,knowledge-07,knowledge,0,noise,valuable,ok,138.26558302389458,,ea48cf5f8428b239b79b464c28cd910ff463e22f3a32dc5bc6b7ccd264c94811
laya,choice,knowledge-07,knowledge,1,noise,valuable,ok,142.81370904063806,,ea48cf5f8428b239b79b464c28cd910ff463e22f3a32dc5bc6b7ccd264c94811
laya,choice,knowledge-07,knowledge,2,noise,valuable,ok,148.0602910160087,,ea48cf5f8428b239b79b464c28cd910ff463e22f3a32dc5bc6b7ccd264c94811
laya,choice,knowledge-08,knowledge,0,noise,valuable,ok,58.256209013052285,,a537c698171445dd82b62f9631276e17a0b1ffd8761d99504bfee1a98275eec0
laya,choice,knowledge-08,knowledge,1,noise,valuable,ok,167.30195801937953,,a537c698171445dd82b62f9631276e17a0b1ffd8761d99504bfee1a98275eec0
laya,choice,knowledge-08,knowledge,2,noise,valuable,ok,154.9402080127038,,a537c698171445dd82b62f9631276e17a0b1ffd8761d99504bfee1a98275eec0
laya,choice,lifecycle-01,lifecycle,0,urgent,urgent,ok,155.60708398697898,,561564e0abfef4ef78e1be6cca6f552bd84cc16e0bf4322367121395f7f1af46
laya,choice,lifecycle-01,lifecycle,1,urgent,urgent,ok,236.31774995010346,,561564e0abfef4ef78e1be6cca6f552bd84cc16e0bf4322367121395f7f1af46
laya,choice,lifecycle-01,lifecycle,2,urgent,urgent,ok,155.87275003781542,,561564e0abfef4ef78e1be6cca6f552bd84cc16e0bf4322367121395f7f1af46
laya,choice,lifecycle-02,lifecycle,0,urgent,urgent,ok,183.17662499612197,,63e873588459a081a999e179597ff926b2e1e652824d1eafdfe4d1a6d6a9132c
laya,choice,lifecycle-02,lifecycle,1,urgent,urgent,ok,155.03158303909004,,63e873588459a081a999e179597ff926b2e1e652824d1eafdfe4d1a6d6a9132c
laya,choice,lifecycle-02,lifecycle,2,urgent,urgent,ok,142.81033299630508,,63e873588459a081a999e179597ff926b2e1e652824d1eafdfe4d1a6d6a9132c
laya,choice,lifecycle-03,lifecycle,0,todo,urgent,ok,164.20312505215406,,6b9c5c63437899e7f629df757c701e85c42864b681f99c2ae638f4f3b66d9bac
laya,choice,lifecycle-03,lifecycle,1,todo,urgent,ok,154.58462497917935,,6b9c5c63437899e7f629df757c701e85c42864b681f99c2ae638f4f3b66d9bac
laya,choice,lifecycle-03,lifecycle,2,todo,urgent,ok,167.38412500126287,,6b9c5c63437899e7f629df757c701e85c42864b681f99c2ae638f4f3b66d9bac
laya,choice,lifecycle-04,lifecycle,0,todo,urgent,ok,131.16900000022724,,a1928bc48fa0aebdc19c46fec41911d52ae6b8ec4927ab90d69ff20e920ded24
laya,choice,lifecycle-04,lifecycle,1,todo,urgent,ok,122.50270799268037,,a1928bc48fa0aebdc19c46fec41911d52ae6b8ec4927ab90d69ff20e920ded24
laya,choice,lifecycle-04,lifecycle,2,todo,urgent,ok,116.04145902674645,,a1928bc48fa0aebdc19c46fec41911d52ae6b8ec4927ab90d69ff20e920ded24
laya,choice,lifecycle-05,lifecycle,0,valuable,todo,ok,99.75041600409895,,e0fd4155dea38e472a372223af9bb719c16343fca777dbe665751ab8cc0a588f
laya,choice,lifecycle-05,lifecycle,1,valuable,todo,ok,58.33962501492351,,e0fd4155dea38e472a372223af9bb719c16343fca777dbe665751ab8cc0a588f
laya,choice,lifecycle-05,lifecycle,2,valuable,todo,ok,156.0002079932019,,e0fd4155dea38e472a372223af9bb719c16343fca777dbe665751ab8cc0a588f
laya,choice,lifecycle-06,lifecycle,0,valuable,todo,ok,93.36370800156146,,6bdea99a3343448b6a49838889fe9890d86b18c1d02589d5c9fa9c9d0b8d6d9d
laya,choice,lifecycle-06,lifecycle,1,valuable,todo,ok,103.64641604246572,,6bdea99a3343448b6a49838889fe9890d86b18c1d02589d5c9fa9c9d0b8d6d9d
laya,choice,lifecycle-06,lifecycle,2,valuable,todo,ok,158.49716699449345,,6bdea99a3343448b6a49838889fe9890d86b18c1d02589d5c9fa9c9d0b8d6d9d
laya,choice,lifecycle-07,lifecycle,0,noise,todo,ok,145.8134590066038,,3b565a8c68e6478b79d0e2eb39930785783d20539c69994173a3c1318f62e8be
laya,choice,lifecycle-07,lifecycle,1,noise,todo,ok,124.95525000849739,,3b565a8c68e6478b79d0e2eb39930785783d20539c69994173a3c1318f62e8be
laya,choice,lifecycle-07,lifecycle,2,noise,todo,ok,133.47820797935128,,3b565a8c68e6478b79d0e2eb39930785783d20539c69994173a3c1318f62e8be
laya,choice,lifecycle-08,lifecycle,0,noise,todo,ok,178.24891704367474,,6b48996bed99bb14456182ba91803465b1a58831199d100b05b08f82f6e67c75
laya,choice,lifecycle-08,lifecycle,1,noise,todo,ok,128.29491699812934,,6b48996bed99bb14456182ba91803465b1a58831199d100b05b08f82f6e67c75
laya,choice,lifecycle-08,lifecycle,2,noise,todo,ok,157.87995798746124,,6b48996bed99bb14456182ba91803465b1a58831199d100b05b08f82f6e67c75
laya,choice,ownership-01,ownership,0,urgent,urgent,ok,158.95987499970943,,f23c586bb098cb6371d703de081f98646ab438906a76ee0d12c0cdab1d82cfaf
laya,choice,ownership-01,ownership,1,urgent,urgent,ok,285.891332954634,,f23c586bb098cb6371d703de081f98646ab438906a76ee0d12c0cdab1d82cfaf
laya,choice,ownership-01,ownership,2,urgent,urgent,ok,126.0930830030702,,f23c586bb098cb6371d703de081f98646ab438906a76ee0d12c0cdab1d82cfaf
laya,choice,ownership-02,ownership,0,urgent,urgent,ok,115.69225002313033,,155d36d4adc2d065648eb63c535c55a2d13e73e5b21d9c15e4fdbca70e543438
laya,choice,ownership-02,ownership,1,urgent,urgent,ok,216.89974999753758,,155d36d4adc2d065648eb63c535c55a2d13e73e5b21d9c15e4fdbca70e543438
laya,choice,ownership-02,ownership,2,urgent,urgent,ok,92.15833398047835,,155d36d4adc2d065648eb63c535c55a2d13e73e5b21d9c15e4fdbca70e543438
laya,choice,ownership-03,ownership,0,todo,urgent,ok,155.14670801348984,,1df249a9225212a1c5cc1b8d4e9c697236d5d27ba5d6af55b26f39788e94c18b
laya,choice,ownership-03,ownership,1,todo,urgent,ok,105.56770901894197,,1df249a9225212a1c5cc1b8d4e9c697236d5d27ba5d6af55b26f39788e94c18b
laya,choice,ownership-03,ownership,2,todo,urgent,ok,160.08220898220316,,1df249a9225212a1c5cc1b8d4e9c697236d5d27ba5d6af55b26f39788e94c18b
laya,choice,ownership-04,ownership,0,todo,todo,ok,165.22575000999495,,d76da096c0da31b57903542beb8fd331545df48371b804f33420c7c90f685480
laya,choice,ownership-04,ownership,1,todo,todo,ok,127.38179200096056,,d76da096c0da31b57903542beb8fd331545df48371b804f33420c7c90f685480
laya,choice,ownership-04,ownership,2,todo,todo,ok,179.6468339744024,,d76da096c0da31b57903542beb8fd331545df48371b804f33420c7c90f685480
laya,choice,ownership-05,ownership,0,valuable,todo,ok,132.7296249801293,,fba8384004987d7300585147f244f5ed43c9cf27ac578ce3457ff608d48e0f32
laya,choice,ownership-05,ownership,1,valuable,todo,ok,148.93733395729214,,fba8384004987d7300585147f244f5ed43c9cf27ac578ce3457ff608d48e0f32
laya,choice,ownership-05,ownership,2,valuable,todo,ok,122.91312502929941,,fba8384004987d7300585147f244f5ed43c9cf27ac578ce3457ff608d48e0f32
laya,choice,ownership-06,ownership,0,valuable,valuable,ok,154.19062500586733,,f377d1c77e69f9898eab06854763b234e42d22b208a5bead0f86d98c17111971
laya,choice,ownership-06,ownership,1,valuable,valuable,ok,105.64783302834257,,f377d1c77e69f9898eab06854763b234e42d22b208a5bead0f86d98c17111971
laya,choice,ownership-06,ownership,2,valuable,valuable,ok,174.27970899734646,,f377d1c77e69f9898eab06854763b234e42d22b208a5bead0f86d98c17111971
laya,choice,ownership-07,ownership,0,noise,valuable,ok,120.88354100706056,,9d5f1a561bdfdf7f2324374f440133f1924ea31bf563af7cbd711e5a4e3b8c02
laya,choice,ownership-07,ownership,1,noise,valuable,ok,150.48000001115724,,9d5f1a561bdfdf7f2324374f440133f1924ea31bf563af7cbd711e5a4e3b8c02
laya,choice,ownership-07,ownership,2,noise,valuable,ok,169.91633304860443,,9d5f1a561bdfdf7f2324374f440133f1924ea31bf563af7cbd711e5a4e3b8c02
laya,choice,ownership-08,ownership,0,noise,urgent,ok,166.242792038247,,e16a32a5c1ef4e140f3d12e34d970d467dc8776f9d3021ae1b94ee62543db428
laya,choice,ownership-08,ownership,1,noise,urgent,ok,105.44391698203981,,e16a32a5c1ef4e140f3d12e34d970d467dc8776f9d3021ae1b94ee62543db428
laya,choice,ownership-08,ownership,2,noise,urgent,ok,170.64404202392325,,e16a32a5c1ef4e140f3d12e34d970d467dc8776f9d3021ae1b94ee62543db428
laya,choice,thread_context-01,thread_context,0,urgent,todo,ok,187.64283298514783,,df1c89cba0af74f53cf7758bd9436151dd48dccab0a757c383642e19e641a318
laya,choice,thread_context-01,thread_context,1,urgent,todo,ok,136.31862500915304,,df1c89cba0af74f53cf7758bd9436151dd48dccab0a757c383642e19e641a318
laya,choice,thread_context-01,thread_context,2,urgent,todo,ok,168.0006249807775,,df1c89cba0af74f53cf7758bd9436151dd48dccab0a757c383642e19e641a318
laya,choice,thread_context-02,thread_context,0,urgent,todo,ok,198.69179197121412,,ded3c18a081df442afb9c9b3534df4d25befbd3b404f39c1a88f6cabc99892a7
laya,choice,thread_context-02,thread_context,1,urgent,todo,ok,266.17445796728134,,ded3c18a081df442afb9c9b3534df4d25befbd3b404f39c1a88f6cabc99892a7
laya,choice,thread_context-02,thread_context,2,urgent,todo,ok,120.35774998366833,,ded3c18a081df442afb9c9b3534df4d25befbd3b404f39c1a88f6cabc99892a7
laya,choice,thread_context-03,thread_context,0,todo,todo,ok,106.78933397866786,,4c9253a7b47e62906c63c3d480a3db544d3c8d496b533f0a9207e00818dcd853
laya,choice,thread_context-03,thread_context,1,todo,todo,ok,144.91975004784763,,4c9253a7b47e62906c63c3d480a3db544d3c8d496b533f0a9207e00818dcd853
laya,choice,thread_context-03,thread_context,2,todo,todo,ok,162.97920898068696,,4c9253a7b47e62906c63c3d480a3db544d3c8d496b533f0a9207e00818dcd853
laya,choice,thread_context-04,thread_context,0,todo,valuable,ok,133.46041704062372,,027213fe0a6a0f1fb7576b6ff9f51ec427bcc605381f267b8b5c474cd0d6eeba
laya,choice,thread_context-04,thread_context,1,todo,valuable,ok,158.03233295446262,,027213fe0a6a0f1fb7576b6ff9f51ec427bcc605381f267b8b5c474cd0d6eeba
laya,choice,thread_context-04,thread_context,2,todo,valuable,ok,187.09416600177065,,027213fe0a6a0f1fb7576b6ff9f51ec427bcc605381f267b8b5c474cd0d6eeba
laya,choice,thread_context-05,thread_context,0,valuable,todo,ok,174.9129579984583,,ed1bdc83303c98b548ea982c2e079d40d25749c73d54f7f4b3d5527036db19a0
laya,choice,thread_context-05,thread_context,1,valuable,todo,ok,179.43629197543487,,ed1bdc83303c98b548ea982c2e079d40d25749c73d54f7f4b3d5527036db19a0
laya,choice,thread_context-05,thread_context,2,valuable,todo,ok,254.25950001226738,,ed1bdc83303c98b548ea982c2e079d40d25749c73d54f7f4b3d5527036db19a0
laya,choice,thread_context-06,thread_context,0,valuable,todo,ok,109.16312498738989,,66bc124a6e21ab04fbe4f803627016214b730d20a2e33dd85b0e05a689d4b183
laya,choice,thread_context-06,thread_context,1,valuable,todo,ok,128.500500053633,,66bc124a6e21ab04fbe4f803627016214b730d20a2e33dd85b0e05a689d4b183
laya,choice,thread_context-06,thread_context,2,valuable,todo,ok,136.71841705217957,,66bc124a6e21ab04fbe4f803627016214b730d20a2e33dd85b0e05a689d4b183
laya,choice,thread_context-07,thread_context,0,noise,urgent,ok,119.21912495745346,,09146244d91843c9414fc1c31b5b8bc68505d973a89f0f7cab6af0d24c65083b
laya,choice,thread_context-07,thread_context,1,noise,urgent,ok,145.45770903350785,,09146244d91843c9414fc1c31b5b8bc68505d973a89f0f7cab6af0d24c65083b
laya,choice,thread_context-07,thread_context,2,noise,urgent,ok,130.1168340141885,,09146244d91843c9414fc1c31b5b8bc68505d973a89f0f7cab6af0d24c65083b
laya,choice,thread_context-08,thread_context,0,noise,urgent,ok,161.4433330250904,,b515078ad76126eafed1cf5c4f0532526f281e181717341ad61c727f878125c2
laya,choice,thread_context-08,thread_context,1,noise,urgent,ok,187.7770419814624,,b515078ad76126eafed1cf5c4f0532526f281e181717341ad61c727f878125c2
laya,choice,thread_context-08,thread_context,2,noise,urgent,ok,178.78295801347122,,b515078ad76126eafed1cf5c4f0532526f281e181717341ad61c727f878125c2
laya,choice,untrusted_content-01,untrusted_content,0,urgent,urgent,ok,150.47058399068192,,fdc15cd32c01c1404d4ce7461a73ef20677d5b98b86750072cc1db6a15c20b14
laya,choice,untrusted_content-01,untrusted_content,1,urgent,urgent,ok,130.99562498973683,,fdc15cd32c01c1404d4ce7461a73ef20677d5b98b86750072cc1db6a15c20b14
laya,choice,untrusted_content-01,untrusted_content,2,urgent,urgent,ok,126.68625003425404,,fdc15cd32c01c1404d4ce7461a73ef20677d5b98b86750072cc1db6a15c20b14
laya,choice,untrusted_content-02,untrusted_content,0,urgent,valuable,ok,131.26445899251848,,6c32e9e70e88fbe1dff838a16ca196734bbc91974448f41895fab9c96daef1d8
laya,choice,untrusted_content-02,untrusted_content,1,urgent,valuable,ok,161.8610000004992,,6c32e9e70e88fbe1dff838a16ca196734bbc91974448f41895fab9c96daef1d8
laya,choice,untrusted_content-02,untrusted_content,2,urgent,valuable,ok,162.1892920229584,,6c32e9e70e88fbe1dff838a16ca196734bbc91974448f41895fab9c96daef1d8
laya,choice,untrusted_content-03,untrusted_content,0,todo,valuable,ok,129.899249994196,,beb041771f4f9893956fede6e811b23aeaa96253dd2ac167604bd0c97814d0e4
laya,choice,untrusted_content-03,untrusted_content,1,todo,valuable,ok,117.46587499510497,,beb041771f4f9893956fede6e811b23aeaa96253dd2ac167604bd0c97814d0e4
laya,choice,untrusted_content-03,untrusted_content,2,todo,valuable,ok,127.33758398098871,,beb041771f4f9893956fede6e811b23aeaa96253dd2ac167604bd0c97814d0e4
laya,choice,untrusted_content-04,untrusted_content,0,todo,urgent,ok,148.20991596207023,,d8f5ad061976f6c8ef65bd53c6bd4d9aa9776ccbd941b602a7a3bb1ed878eb1a
laya,choice,untrusted_content-04,untrusted_content,1,todo,urgent,ok,151.54129097936675,,d8f5ad061976f6c8ef65bd53c6bd4d9aa9776ccbd941b602a7a3bb1ed878eb1a
laya,choice,untrusted_content-04,untrusted_content,2,todo,urgent,ok,229.04066601768136,,d8f5ad061976f6c8ef65bd53c6bd4d9aa9776ccbd941b602a7a3bb1ed878eb1a
laya,choice,untrusted_content-05,untrusted_content,0,valuable,todo,ok,113.43487503472716,,1924a3d7b964c612717cbb65cc6c1a24299d83ac417708b3c99f41c8731ef4d0
laya,choice,untrusted_content-05,untrusted_content,1,valuable,todo,ok,96.85020800679922,,1924a3d7b964c612717cbb65cc6c1a24299d83ac417708b3c99f41c8731ef4d0
laya,choice,untrusted_content-05,untrusted_content,2,valuable,todo,ok,163.56166696641594,,1924a3d7b964c612717cbb65cc6c1a24299d83ac417708b3c99f41c8731ef4d0
laya,choice,untrusted_content-06,untrusted_content,0,valuable,todo,ok,150.57258296292275,,64ad40d9c239861eb6313ad85442950cf5db56254e0332918bb7cb2e7efd4024
laya,choice,untrusted_content-06,untrusted_content,1,valuable,todo,ok,157.71549998316914,,64ad40d9c239861eb6313ad85442950cf5db56254e0332918bb7cb2e7efd4024
laya,choice,untrusted_content-06,untrusted_content,2,valuable,todo,ok,103.78366598160937,,64ad40d9c239861eb6313ad85442950cf5db56254e0332918bb7cb2e7efd4024
laya,choice,untrusted_content-07,untrusted_content,0,noise,todo,ok,151.55541599960998,,3ee570d78ce82e08a345ac9893d4c4950907b02f259a7e7ce24afae93fbaadd7
laya,choice,untrusted_content-07,untrusted_content,1,noise,todo,ok,105.2239999989979,,3ee570d78ce82e08a345ac9893d4c4950907b02f259a7e7ce24afae93fbaadd7
laya,choice,untrusted_content-07,untrusted_content,2,noise,todo,ok,140.68075001705438,,3ee570d78ce82e08a345ac9893d4c4950907b02f259a7e7ce24afae93fbaadd7
laya,choice,untrusted_content-08,untrusted_content,0,noise,todo,ok,156.5586660290137,,c31c68a4b0e686150d76d45b3acca03a6beb4868e8db69d6f420fac22411dfce
laya,choice,untrusted_content-08,untrusted_content,1,noise,todo,ok,149.7269999817945,,c31c68a4b0e686150d76d45b3acca03a6beb4868e8db69d6f420fac22411dfce
laya,choice,untrusted_content-08,untrusted_content,2,noise,todo,ok,170.11120897950605,,c31c68a4b0e686150d76d45b3acca03a6beb4868e8db69d6f420fac22411dfce
laya,choice,urgency-01,urgency,0,urgent,urgent,ok,99.3059579632245,,b6ccbac1c3eaf7c90cf03b582d3abaeab8979d98a4df673ff5f29d0977ee3c91
laya,choice,urgency-01,urgency,1,urgent,urgent,ok,170.20087502896786,,b6ccbac1c3eaf7c90cf03b582d3abaeab8979d98a4df673ff5f29d0977ee3c91
laya,choice,urgency-01,urgency,2,urgent,urgent,ok,131.95200002519414,,b6ccbac1c3eaf7c90cf03b582d3abaeab8979d98a4df673ff5f29d0977ee3c91
laya,choice,urgency-02,urgency,0,urgent,urgent,ok,104.42933300510049,,e62f7e3c8d5a9057c8441f19e7167932eb6c7aa4b1c9cbf104fa98f83b212c25
laya,choice,urgency-02,urgency,1,urgent,urgent,ok,126.3465829542838,,e62f7e3c8d5a9057c8441f19e7167932eb6c7aa4b1c9cbf104fa98f83b212c25
laya,choice,urgency-02,urgency,2,urgent,urgent,ok,132.85841600736603,,e62f7e3c8d5a9057c8441f19e7167932eb6c7aa4b1c9cbf104fa98f83b212c25
laya,choice,urgency-03,urgency,0,todo,todo,ok,162.3520830180496,,146629432c46d1dc2b3fed8833695df1d9239f94e438e969e7c309d87dc0ebfe
laya,choice,urgency-03,urgency,1,todo,todo,ok,175.26079097297043,,146629432c46d1dc2b3fed8833695df1d9239f94e438e969e7c309d87dc0ebfe
laya,choice,urgency-03,urgency,2,todo,todo,ok,115.24508299771696,,146629432c46d1dc2b3fed8833695df1d9239f94e438e969e7c309d87dc0ebfe
laya,choice,urgency-04,urgency,0,todo,urgent,ok,163.60208299010992,,1996ccad3e24135fdbd7e76d0b5c706adc7e806bdf58adb13cc1c498ba85da3e
laya,choice,urgency-04,urgency,1,todo,urgent,ok,125.71341701550409,,1996ccad3e24135fdbd7e76d0b5c706adc7e806bdf58adb13cc1c498ba85da3e
laya,choice,urgency-04,urgency,2,todo,urgent,ok,151.8131669727154,,1996ccad3e24135fdbd7e76d0b5c706adc7e806bdf58adb13cc1c498ba85da3e
laya,choice,urgency-05,urgency,0,valuable,urgent,ok,117.14225000469014,,4ca42c8242aaaaab80f91ea4c2225ed4f1fcd91c647318fab8a26391b6ef6644
laya,choice,urgency-05,urgency,1,valuable,urgent,ok,107.92425001272932,,4ca42c8242aaaaab80f91ea4c2225ed4f1fcd91c647318fab8a26391b6ef6644
laya,choice,urgency-05,urgency,2,valuable,urgent,ok,129.92550001945347,,4ca42c8242aaaaab80f91ea4c2225ed4f1fcd91c647318fab8a26391b6ef6644
laya,choice,urgency-06,urgency,0,valuable,valuable,ok,157.15379203902557,,e1cafc9a41793547f1f9afcd05212bb6d63af85349a0bb0ceaae72c8f9117f03
laya,choice,urgency-06,urgency,1,valuable,valuable,ok,156.9149999995716,,e1cafc9a41793547f1f9afcd05212bb6d63af85349a0bb0ceaae72c8f9117f03
laya,choice,urgency-06,urgency,2,valuable,valuable,ok,204.1219579987228,,e1cafc9a41793547f1f9afcd05212bb6d63af85349a0bb0ceaae72c8f9117f03
laya,choice,urgency-07,urgency,0,noise,urgent,ok,94.30754196364433,,b8af0b4e69a0c6bcae666485e9fc61b6217ef4ce222592ca6ff29708becfa43e
laya,choice,urgency-07,urgency,1,noise,urgent,ok,156.8931249785237,,b8af0b4e69a0c6bcae666485e9fc61b6217ef4ce222592ca6ff29708becfa43e
laya,choice,urgency-07,urgency,2,noise,urgent,ok,149.1140829748474,,b8af0b4e69a0c6bcae666485e9fc61b6217ef4ce222592ca6ff29708becfa43e
laya,choice,urgency-08,urgency,0,noise,valuable,ok,136.68341701850295,,74d9fe9715f260a1383aa1bca03e313c180fd8482c3bcb9acafa36ca30ffaacb
laya,choice,urgency-08,urgency,1,noise,valuable,ok,215.61666700290516,,74d9fe9715f260a1383aa1bca03e313c180fd8482c3bcb9acafa36ca30ffaacb
laya,choice,urgency-08,urgency,2,noise,valuable,ok,165.8614999614656,,74d9fe9715f260a1383aa1bca03e313c180fd8482c3bcb9acafa36ca30ffaacb
laya,four_noul,conditional-01,conditional,0,urgent,urgent,ok,260.16600005095825,False,76b45208ea9eac4cd7347434c85cab4d479787d28692205a6a0cc7eaa51a17c5
laya,four_noul,conditional-01,conditional,1,urgent,urgent,ok,433.13929095165804,False,76b45208ea9eac4cd7347434c85cab4d479787d28692205a6a0cc7eaa51a17c5
laya,four_noul,conditional-01,conditional,2,urgent,urgent,ok,413.75424998113886,False,76b45208ea9eac4cd7347434c85cab4d479787d28692205a6a0cc7eaa51a17c5
laya,four_noul,conditional-02,conditional,0,urgent,urgent,ok,779.028833960183,False,fdce81cfb6e4193f0adc68d80b1fbe735430eab97bb037293a6ed2696dfd0599
laya,four_noul,conditional-02,conditional,1,urgent,urgent,ok,452.05629197880626,False,fdce81cfb6e4193f0adc68d80b1fbe735430eab97bb037293a6ed2696dfd0599
laya,four_noul,conditional-02,conditional,2,urgent,urgent,ok,270.9423750056885,False,fdce81cfb6e4193f0adc68d80b1fbe735430eab97bb037293a6ed2696dfd0599
laya,four_noul,conditional-03,conditional,0,todo,urgent,ok,424.89966697758064,False,0cccaeb951e01acb23c00f0bccf86c5550cd484f3643fc3739a1753f91f8f038
laya,four_noul,conditional-03,conditional,1,todo,urgent,ok,466.19220898719504,False,0cccaeb951e01acb23c00f0bccf86c5550cd484f3643fc3739a1753f91f8f038
laya,four_noul,conditional-03,conditional,2,todo,urgent,ok,432.838584005367,False,0cccaeb951e01acb23c00f0bccf86c5550cd484f3643fc3739a1753f91f8f038
laya,four_noul,conditional-04,conditional,0,todo,urgent,ok,334.7656660480425,False,26b1a32af59516422a0006127f9884dcfe23b4fa2cd009cab1ad4fdfd5da1af6
laya,four_noul,conditional-04,conditional,1,todo,urgent,ok,429.54300000565127,False,26b1a32af59516422a0006127f9884dcfe23b4fa2cd009cab1ad4fdfd5da1af6
laya,four_noul,conditional-04,conditional,2,todo,urgent,ok,422.516499995254,False,26b1a32af59516422a0006127f9884dcfe23b4fa2cd009cab1ad4fdfd5da1af6
laya,four_noul,conditional-05,conditional,0,valuable,urgent,ok,351.33249999489635,True,0335649ad46e60fe72fb5eeac62ea5b657df0ed55e77e54491ce8285438ec574
laya,four_noul,conditional-05,conditional,1,valuable,urgent,ok,362.2152910102159,True,0335649ad46e60fe72fb5eeac62ea5b657df0ed55e77e54491ce8285438ec574
laya,four_noul,conditional-05,conditional,2,valuable,urgent,ok,273.8065409939736,True,0335649ad46e60fe72fb5eeac62ea5b657df0ed55e77e54491ce8285438ec574
laya,four_noul,conditional-06,conditional,0,valuable,urgent,ok,425.45791703742,False,4fe1fea1334f69242848c1dbd9e2dc716c2a38276ab55853517d532bd1b62b4c
laya,four_noul,conditional-06,conditional,1,valuable,urgent,ok,347.04816702287644,False,4fe1fea1334f69242848c1dbd9e2dc716c2a38276ab55853517d532bd1b62b4c
laya,four_noul,conditional-06,conditional,2,valuable,urgent,ok,330.43954096501693,False,4fe1fea1334f69242848c1dbd9e2dc716c2a38276ab55853517d532bd1b62b4c
laya,four_noul,conditional-07,conditional,0,noise,urgent,ok,422.1170829841867,False,13539625dc01720d59567e42bdfc4ee6d6d65794491783c33fa2027a7750bfc6
laya,four_noul,conditional-07,conditional,1,noise,urgent,ok,432.34179203864187,False,13539625dc01720d59567e42bdfc4ee6d6d65794491783c33fa2027a7750bfc6
laya,four_noul,conditional-07,conditional,2,noise,urgent,ok,425.6382919847965,False,13539625dc01720d59567e42bdfc4ee6d6d65794491783c33fa2027a7750bfc6
laya,four_noul,conditional-08,conditional,0,noise,urgent,ok,468.86491699842736,False,31dd25e89cfdfd37f62217aa3e3a76d55f9b09334aaaa449aa23230bfff654de
laya,four_noul,conditional-08,conditional,1,noise,urgent,ok,434.61175000993535,False,31dd25e89cfdfd37f62217aa3e3a76d55f9b09334aaaa449aa23230bfff654de
laya,four_noul,conditional-08,conditional,2,noise,urgent,ok,406.7534999921918,False,31dd25e89cfdfd37f62217aa3e3a76d55f9b09334aaaa449aa23230bfff654de
laya,four_noul,cross_chat-01,cross_chat,0,urgent,urgent,ok,274.9212500057183,False,1f161eaef6901136f7e57729eb8c306b2957bf03663e357631afc5b5dc700ac6
laya,four_noul,cross_chat-01,cross_chat,1,urgent,urgent,ok,480.49304098822176,False,1f161eaef6901136f7e57729eb8c306b2957bf03663e357631afc5b5dc700ac6
laya,four_noul,cross_chat-01,cross_chat,2,urgent,urgent,ok,897.6883330033161,False,1f161eaef6901136f7e57729eb8c306b2957bf03663e357631afc5b5dc700ac6
laya,four_noul,cross_chat-02,cross_chat,0,urgent,urgent,ok,460.65212500980124,False,c906fb293b859bb8e6b62fc77b7e7d8ef785ff28f8176c9fc0da42b17851b2b2
laya,four_noul,cross_chat-02,cross_chat,1,urgent,urgent,ok,358.3605419844389,False,c906fb293b859bb8e6b62fc77b7e7d8ef785ff28f8176c9fc0da42b17851b2b2
laya,four_noul,cross_chat-02,cross_chat,2,urgent,urgent,ok,459.69150000019,False,c906fb293b859bb8e6b62fc77b7e7d8ef785ff28f8176c9fc0da42b17851b2b2
laya,four_noul,cross_chat-03,cross_chat,0,todo,urgent,ok,414.46920903399587,False,465383fbef29616bbd49e1f841afb141c89c8d1ee6cb71e2dcf6bed5283f2784
laya,four_noul,cross_chat-03,cross_chat,1,todo,urgent,ok,275.8502080105245,False,465383fbef29616bbd49e1f841afb141c89c8d1ee6cb71e2dcf6bed5283f2784
laya,four_noul,cross_chat-03,cross_chat,2,todo,urgent,ok,483.08970796642825,False,465383fbef29616bbd49e1f841afb141c89c8d1ee6cb71e2dcf6bed5283f2784
laya,four_noul,cross_chat-04,cross_chat,0,todo,urgent,ok,310.6487499899231,False,de1f7576a24f4b4bad8e74294069bca7185ff3c75ac3313a0ae268271d3fc199
laya,four_noul,cross_chat-04,cross_chat,1,todo,urgent,ok,268.48504098597914,False,de1f7576a24f4b4bad8e74294069bca7185ff3c75ac3313a0ae268271d3fc199
laya,four_noul,cross_chat-04,cross_chat,2,todo,urgent,ok,456.7942089634016,False,de1f7576a24f4b4bad8e74294069bca7185ff3c75ac3313a0ae268271d3fc199
laya,four_noul,cross_chat-05,cross_chat,0,valuable,urgent,ok,435.33870799001306,False,98332f90b277a8a390d016e8062b300b396b2e4f946a2754f6c9286613f1f5ff
laya,four_noul,cross_chat-05,cross_chat,1,valuable,urgent,ok,456.79462497355416,False,98332f90b277a8a390d016e8062b300b396b2e4f946a2754f6c9286613f1f5ff
laya,four_noul,cross_chat-05,cross_chat,2,valuable,urgent,ok,447.7230840129778,False,98332f90b277a8a390d016e8062b300b396b2e4f946a2754f6c9286613f1f5ff
laya,four_noul,cross_chat-06,cross_chat,0,valuable,urgent,ok,453.77662498503923,False,6662d20f248d451c9dff097a07a755de6a842c0aab9bb1646f093831642e896c
laya,four_noul,cross_chat-06,cross_chat,1,valuable,urgent,ok,407.89529198082164,False,6662d20f248d451c9dff097a07a755de6a842c0aab9bb1646f093831642e896c
laya,four_noul,cross_chat-06,cross_chat,2,valuable,urgent,ok,456.9087920244783,False,6662d20f248d451c9dff097a07a755de6a842c0aab9bb1646f093831642e896c
laya,four_noul,cross_chat-07,cross_chat,0,noise,urgent,ok,676.816791004967,True,b40908c91b09a348d2305261cadf580f37f09914f6e5f1013a97ef3a42754eb6
laya,four_noul,cross_chat-07,cross_chat,1,noise,urgent,ok,453.40600004419684,True,b40908c91b09a348d2305261cadf580f37f09914f6e5f1013a97ef3a42754eb6
laya,four_noul,cross_chat-07,cross_chat,2,noise,urgent,ok,460.8972920104861,True,b40908c91b09a348d2305261cadf580f37f09914f6e5f1013a97ef3a42754eb6
laya,four_noul,cross_chat-08,cross_chat,0,noise,urgent,ok,447.87733402336016,True,b14b4503d5ed168cc077c4d5ca1f64e0329c43b2bc1a521ddda3d7560551ccf4
laya,four_noul,cross_chat-08,cross_chat,1,noise,urgent,ok,497.2178329480812,True,b14b4503d5ed168cc077c4d5ca1f64e0329c43b2bc1a521ddda3d7560551ccf4
laya,four_noul,cross_chat-08,cross_chat,2,noise,urgent,ok,267.3505420098081,True,b14b4503d5ed168cc077c4d5ca1f64e0329c43b2bc1a521ddda3d7560551ccf4
laya,four_noul,knowledge-01,knowledge,0,urgent,urgent,ok,244.57887501921505,False,a33f7812cfa29b22de5d58596d54658e8ad6c6fd6bd4d79f21d46ffe09b7dce3
laya,four_noul,knowledge-01,knowledge,1,urgent,urgent,ok,243.35904198233038,False,a33f7812cfa29b22de5d58596d54658e8ad6c6fd6bd4d79f21d46ffe09b7dce3
laya,four_noul,knowledge-01,knowledge,2,urgent,urgent,ok,452.4517920217477,False,a33f7812cfa29b22de5d58596d54658e8ad6c6fd6bd4d79f21d46ffe09b7dce3
laya,four_noul,knowledge-02,knowledge,0,urgent,urgent,ok,332.27720903232694,False,a1884ce57bb84e618ac6377def7281d73d5ab96d725ce2e241ed073818e3885d
laya,four_noul,knowledge-02,knowledge,1,urgent,urgent,ok,441.9425840023905,False,a1884ce57bb84e618ac6377def7281d73d5ab96d725ce2e241ed073818e3885d
laya,four_noul,knowledge-02,knowledge,2,urgent,urgent,ok,382.6942499727011,False,a1884ce57bb84e618ac6377def7281d73d5ab96d725ce2e241ed073818e3885d
laya,four_noul,knowledge-03,knowledge,0,todo,urgent,ok,258.8127080234699,False,e8a48af2fba1a025a37576d0db055027c6e3d032750ee0f3913626812906b6d9
laya,four_noul,knowledge-03,knowledge,1,todo,urgent,ok,255.4647079668939,False,e8a48af2fba1a025a37576d0db055027c6e3d032750ee0f3913626812906b6d9
laya,four_noul,knowledge-03,knowledge,2,todo,urgent,ok,334.75820801686496,False,e8a48af2fba1a025a37576d0db055027c6e3d032750ee0f3913626812906b6d9
laya,four_noul,knowledge-04,knowledge,0,todo,urgent,ok,356.48145800223574,False,948747c5fef90c334cd174b53cb312aefa5d6e3169b830325dbeac016f57c77f
laya,four_noul,knowledge-04,knowledge,1,todo,urgent,ok,415.1264170068316,False,948747c5fef90c334cd174b53cb312aefa5d6e3169b830325dbeac016f57c77f
laya,four_noul,knowledge-04,knowledge,2,todo,urgent,ok,350.1104580354877,False,948747c5fef90c334cd174b53cb312aefa5d6e3169b830325dbeac016f57c77f
laya,four_noul,knowledge-05,knowledge,0,valuable,urgent,ok,424.8280829633586,False,96ce0d15593d2356b2083fe254e18826b4ce8dc138558b209633b8ceb8d6a2ff
laya,four_noul,knowledge-05,knowledge,1,valuable,urgent,ok,358.66037500090897,False,96ce0d15593d2356b2083fe254e18826b4ce8dc138558b209633b8ceb8d6a2ff
laya,four_noul,knowledge-05,knowledge,2,valuable,urgent,ok,439.1579999937676,False,96ce0d15593d2356b2083fe254e18826b4ce8dc138558b209633b8ceb8d6a2ff
laya,four_noul,knowledge-06,knowledge,0,valuable,urgent,ok,368.6669170274399,False,3bb3f466de4f7780faa0814d15273cd355fe7c9de3f80f562ad716c791ef6c15
laya,four_noul,knowledge-06,knowledge,1,valuable,urgent,ok,427.5698749697767,False,3bb3f466de4f7780faa0814d15273cd355fe7c9de3f80f562ad716c791ef6c15
laya,four_noul,knowledge-06,knowledge,2,valuable,urgent,ok,448.59866600017995,False,3bb3f466de4f7780faa0814d15273cd355fe7c9de3f80f562ad716c791ef6c15
laya,four_noul,knowledge-07,knowledge,0,noise,urgent,ok,401.0137080331333,True,88c4476e967cda457a143f5a6d980ad1a550f0b113fe36ee02b5ab9f74405f0d
laya,four_noul,knowledge-07,knowledge,1,noise,urgent,ok,245.63304102048278,True,88c4476e967cda457a143f5a6d980ad1a550f0b113fe36ee02b5ab9f74405f0d
laya,four_noul,knowledge-07,knowledge,2,noise,urgent,ok,420.5241249874234,True,88c4476e967cda457a143f5a6d980ad1a550f0b113fe36ee02b5ab9f74405f0d
laya,four_noul,knowledge-08,knowledge,0,noise,urgent,ok,417.4886249820702,True,e8285cc154c9ece110a88ea772cde35f01cb6db76fb682c6827ef08f3681dfde
laya,four_noul,knowledge-08,knowledge,1,noise,urgent,ok,260.34941599937156,True,e8285cc154c9ece110a88ea772cde35f01cb6db76fb682c6827ef08f3681dfde
laya,four_noul,knowledge-08,knowledge,2,noise,urgent,ok,250.64391701016575,True,e8285cc154c9ece110a88ea772cde35f01cb6db76fb682c6827ef08f3681dfde
laya,four_noul,lifecycle-01,lifecycle,0,urgent,urgent,ok,401.1620829696767,False,6143ef43fcd43df5af2c83ebf56f766e8cab4ab86a8928a9fe13057ef1a70967
laya,four_noul,lifecycle-01,lifecycle,1,urgent,urgent,ok,404.4869579956867,False,6143ef43fcd43df5af2c83ebf56f766e8cab4ab86a8928a9fe13057ef1a70967
laya,four_noul,lifecycle-01,lifecycle,2,urgent,urgent,ok,306.9510000059381,False,6143ef43fcd43df5af2c83ebf56f766e8cab4ab86a8928a9fe13057ef1a70967
laya,four_noul,lifecycle-02,lifecycle,0,urgent,urgent,ok,422.4557499983348,True,eae15f49f02bec72efa97985acefc966c6a49097b1d798e1d858a7869fb23b66
laya,four_noul,lifecycle-02,lifecycle,1,urgent,urgent,ok,370.0559579883702,True,eae15f49f02bec72efa97985acefc966c6a49097b1d798e1d858a7869fb23b66
laya,four_noul,lifecycle-02,lifecycle,2,urgent,urgent,ok,369.482624984812,True,eae15f49f02bec72efa97985acefc966c6a49097b1d798e1d858a7869fb23b66
laya,four_noul,lifecycle-03,lifecycle,0,todo,urgent,ok,422.87549999309704,False,5f89c2a77b90a703305868054546c60fada92106f25824ba372ddd3880b6b599
laya,four_noul,lifecycle-03,lifecycle,1,todo,urgent,ok,258.66525003220886,False,5f89c2a77b90a703305868054546c60fada92106f25824ba372ddd3880b6b599
laya,four_noul,lifecycle-03,lifecycle,2,todo,urgent,ok,621.4855409925804,False,5f89c2a77b90a703305868054546c60fada92106f25824ba372ddd3880b6b599
laya,four_noul,lifecycle-04,lifecycle,0,todo,todo,ok,422.80679097166285,True,1e150ee4c4917124fe213a57bcb0098a3874ef7429a2206c3a9f80df3b6396b4
laya,four_noul,lifecycle-04,lifecycle,1,todo,todo,ok,250.33200002508238,True,1e150ee4c4917124fe213a57bcb0098a3874ef7429a2206c3a9f80df3b6396b4
laya,four_noul,lifecycle-04,lifecycle,2,todo,todo,ok,338.4720419999212,True,1e150ee4c4917124fe213a57bcb0098a3874ef7429a2206c3a9f80df3b6396b4
laya,four_noul,lifecycle-05,lifecycle,0,valuable,todo,ok,360.93629099195823,True,8b60e9493f71621eb689d8cc25bb41c4a8b39da0a979ef614c9b6a6e203a5060
laya,four_noul,lifecycle-05,lifecycle,1,valuable,todo,ok,483.8242910336703,True,8b60e9493f71621eb689d8cc25bb41c4a8b39da0a979ef614c9b6a6e203a5060
laya,four_noul,lifecycle-05,lifecycle,2,valuable,todo,ok,268.01875000819564,True,8b60e9493f71621eb689d8cc25bb41c4a8b39da0a979ef614c9b6a6e203a5060
laya,four_noul,lifecycle-06,lifecycle,0,valuable,urgent,ok,794.2957080085762,False,bd886cacf6b4fb90c827d3339d84bb9e88fbdd97da072331537fe129ca6a3d49
laya,four_noul,lifecycle-06,lifecycle,1,valuable,urgent,ok,377.42520798929036,False,bd886cacf6b4fb90c827d3339d84bb9e88fbdd97da072331537fe129ca6a3d49
laya,four_noul,lifecycle-06,lifecycle,2,valuable,urgent,ok,446.0192080005072,False,bd886cacf6b4fb90c827d3339d84bb9e88fbdd97da072331537fe129ca6a3d49
laya,four_noul,lifecycle-07,lifecycle,0,noise,urgent,ok,404.9532090430148,False,ce73ba4559ee814d917a8ea5762692a64c310d2abd1a5e6b86eae6b3482cb539
laya,four_noul,lifecycle-07,lifecycle,1,noise,urgent,ok,334.63299996219575,False,ce73ba4559ee814d917a8ea5762692a64c310d2abd1a5e6b86eae6b3482cb539
laya,four_noul,lifecycle-07,lifecycle,2,noise,urgent,ok,414.68712501227856,False,ce73ba4559ee814d917a8ea5762692a64c310d2abd1a5e6b86eae6b3482cb539
laya,four_noul,lifecycle-08,lifecycle,0,noise,urgent,ok,429.84716600039974,False,71689c8b612471e5633df6f0ad1daede6abc36f71f12c3c8642d860fe88163a9
laya,four_noul,lifecycle-08,lifecycle,1,noise,urgent,ok,259.3016669852659,False,71689c8b612471e5633df6f0ad1daede6abc36f71f12c3c8642d860fe88163a9
laya,four_noul,lifecycle-08,lifecycle,2,noise,urgent,ok,331.98799996171147,False,71689c8b612471e5633df6f0ad1daede6abc36f71f12c3c8642d860fe88163a9
laya,four_noul,ownership-01,ownership,0,urgent,urgent,ok,422.3803750355728,False,7cd8ea049b7459ee9c749645e757a9af480c26d6889ca7fba84f64e455af09a3
laya,four_noul,ownership-01,ownership,1,urgent,urgent,ok,418.14974998123944,False,7cd8ea049b7459ee9c749645e757a9af480c26d6889ca7fba84f64e455af09a3
laya,four_noul,ownership-01,ownership,2,urgent,urgent,ok,444.504874991253,False,7cd8ea049b7459ee9c749645e757a9af480c26d6889ca7fba84f64e455af09a3
laya,four_noul,ownership-02,ownership,0,urgent,urgent,ok,355.27575004380196,False,f36fdac4ddf8e80cedf58e5932fa626c878525b9549851c640716ef5f1054b37
laya,four_noul,ownership-02,ownership,1,urgent,urgent,ok,363.45333396457136,False,f36fdac4ddf8e80cedf58e5932fa626c878525b9549851c640716ef5f1054b37
laya,four_noul,ownership-02,ownership,2,urgent,urgent,ok,500.3132500569336,False,f36fdac4ddf8e80cedf58e5932fa626c878525b9549851c640716ef5f1054b37
laya,four_noul,ownership-03,ownership,0,todo,urgent,ok,435.7157080085017,True,72de14774b03cb37331ba32dde48dd56df3e12e76287a2c0c426049a23b2a195
laya,four_noul,ownership-03,ownership,1,todo,urgent,ok,645.8903750171885,True,72de14774b03cb37331ba32dde48dd56df3e12e76287a2c0c426049a23b2a195
laya,four_noul,ownership-03,ownership,2,todo,urgent,ok,406.23020799830556,True,72de14774b03cb37331ba32dde48dd56df3e12e76287a2c0c426049a23b2a195
laya,four_noul,ownership-04,ownership,0,todo,urgent,ok,274.92845797678456,True,c84e613f3f9eb3e02b806621094f55d8c6baa379fa9932edd3897a55fa80adc4
laya,four_noul,ownership-04,ownership,1,todo,urgent,ok,402.2851249901578,True,c84e613f3f9eb3e02b806621094f55d8c6baa379fa9932edd3897a55fa80adc4
laya,four_noul,ownership-04,ownership,2,todo,urgent,ok,429.1390419821255,True,c84e613f3f9eb3e02b806621094f55d8c6baa379fa9932edd3897a55fa80adc4
laya,four_noul,ownership-05,ownership,0,valuable,noise,ok,371.05374998645857,True,fc88d843153e380672243db4a2a3cceb20f540874230924605c21c85f75723bf
laya,four_noul,ownership-05,ownership,1,valuable,noise,ok,443.8339170301333,True,fc88d843153e380672243db4a2a3cceb20f540874230924605c21c85f75723bf
laya,four_noul,ownership-05,ownership,2,valuable,noise,ok,277.8617499861866,True,fc88d843153e380672243db4a2a3cceb20f540874230924605c21c85f75723bf
laya,four_noul,ownership-06,ownership,0,valuable,valuable,ok,496.50324997492135,False,6c8b45b1567720aeace61f1b9cb96ce6f0020464b8f9880f0c2aa06fa15cdaf6
laya,four_noul,ownership-06,ownership,1,valuable,valuable,ok,324.50633303960785,False,6c8b45b1567720aeace61f1b9cb96ce6f0020464b8f9880f0c2aa06fa15cdaf6
laya,four_noul,ownership-06,ownership,2,valuable,valuable,ok,387.7727080252953,False,6c8b45b1567720aeace61f1b9cb96ce6f0020464b8f9880f0c2aa06fa15cdaf6
laya,four_noul,ownership-07,ownership,0,noise,urgent,ok,420.3562500188127,True,b7b16f6d4febbfda41094be2cc6d92bd68389770a94f169d4d69d6f970db463c
laya,four_noul,ownership-07,ownership,1,noise,urgent,ok,437.756041996181,True,b7b16f6d4febbfda41094be2cc6d92bd68389770a94f169d4d69d6f970db463c
laya,four_noul,ownership-07,ownership,2,noise,urgent,ok,303.86883299797773,True,b7b16f6d4febbfda41094be2cc6d92bd68389770a94f169d4d69d6f970db463c
laya,four_noul,ownership-08,ownership,0,noise,urgent,ok,417.65487496741116,False,d9b15d04dfa235f32a2d6eceefce2d6853865dd8ed58d3a5977fed522964ed68
laya,four_noul,ownership-08,ownership,1,noise,urgent,ok,224.65958399698138,False,d9b15d04dfa235f32a2d6eceefce2d6853865dd8ed58d3a5977fed522964ed68
laya,four_noul,ownership-08,ownership,2,noise,urgent,ok,418.7209999654442,False,d9b15d04dfa235f32a2d6eceefce2d6853865dd8ed58d3a5977fed522964ed68
laya,four_noul,thread_context-01,thread_context,0,urgent,urgent,ok,846.3239580160007,False,8289521a4eb8761ac3bb1fe3c9fba97ec094e301453dab4d09a11a4c24cd9d62
laya,four_noul,thread_context-01,thread_context,1,urgent,urgent,ok,424.77124999277294,False,8289521a4eb8761ac3bb1fe3c9fba97ec094e301453dab4d09a11a4c24cd9d62
laya,four_noul,thread_context-01,thread_context,2,urgent,urgent,ok,466.79095801664516,False,8289521a4eb8761ac3bb1fe3c9fba97ec094e301453dab4d09a11a4c24cd9d62
laya,four_noul,thread_context-02,thread_context,0,urgent,urgent,ok,463.1215420085937,False,5fdab9de5ec8553ec1e667b013ac30133831843a1abfe1434c62fe0a48615dc5
laya,four_noul,thread_context-02,thread_context,1,urgent,urgent,ok,469.2656250554137,False,5fdab9de5ec8553ec1e667b013ac30133831843a1abfe1434c62fe0a48615dc5
laya,four_noul,thread_context-02,thread_context,2,urgent,urgent,ok,480.250583961606,False,5fdab9de5ec8553ec1e667b013ac30133831843a1abfe1434c62fe0a48615dc5
laya,four_noul,thread_context-03,thread_context,0,todo,urgent,ok,394.4922090158798,False,cbc26f4be2c009c67e595da586c8e5c59f5001da11360e1ba0dcbe07e8e92fc6
laya,four_noul,thread_context-03,thread_context,1,todo,urgent,ok,425.6548749981448,False,cbc26f4be2c009c67e595da586c8e5c59f5001da11360e1ba0dcbe07e8e92fc6
laya,four_noul,thread_context-03,thread_context,2,todo,urgent,ok,374.00291697122157,False,cbc26f4be2c009c67e595da586c8e5c59f5001da11360e1ba0dcbe07e8e92fc6
laya,four_noul,thread_context-04,thread_context,0,todo,urgent,ok,466.8942089774646,False,3203672512785d47f1d9c6fdc7645d20efcfcb22ed8ec101da2743aee3ca67dc
laya,four_noul,thread_context-04,thread_context,1,todo,urgent,ok,453.7235410534777,False,3203672512785d47f1d9c6fdc7645d20efcfcb22ed8ec101da2743aee3ca67dc
laya,four_noul,thread_context-04,thread_context,2,todo,urgent,ok,457.12291600648314,False,3203672512785d47f1d9c6fdc7645d20efcfcb22ed8ec101da2743aee3ca67dc
laya,four_noul,thread_context-05,thread_context,0,valuable,urgent,ok,453.2464590156451,False,acb0b93e758eab64c67b0eda1be1a47416ccb9e297353616809ddce50325a08e
laya,four_noul,thread_context-05,thread_context,1,valuable,urgent,ok,315.31929201446474,False,acb0b93e758eab64c67b0eda1be1a47416ccb9e297353616809ddce50325a08e
laya,four_noul,thread_context-05,thread_context,2,valuable,urgent,ok,474.4145419681445,False,acb0b93e758eab64c67b0eda1be1a47416ccb9e297353616809ddce50325a08e
laya,four_noul,thread_context-06,thread_context,0,valuable,urgent,ok,503.2094999914989,False,cf849651eec6372e32487a8b7a5a87f7c72c0f1bf789ee5cbe17bcd6d92c4aba
laya,four_noul,thread_context-06,thread_context,1,valuable,urgent,ok,328.65712500642985,False,cf849651eec6372e32487a8b7a5a87f7c72c0f1bf789ee5cbe17bcd6d92c4aba
laya,four_noul,thread_context-06,thread_context,2,valuable,urgent,ok,484.6456249943003,False,cf849651eec6372e32487a8b7a5a87f7c72c0f1bf789ee5cbe17bcd6d92c4aba
laya,four_noul,thread_context-07,thread_context,0,noise,urgent,ok,476.8944999668747,False,cd2ac1b486f293af4c0b3acac191abb118b9a8e39269006de562295246c3491a
laya,four_noul,thread_context-07,thread_context,1,noise,urgent,ok,434.04729198664427,False,cd2ac1b486f293af4c0b3acac191abb118b9a8e39269006de562295246c3491a
laya,four_noul,thread_context-07,thread_context,2,noise,urgent,ok,376.45437504397705,False,cd2ac1b486f293af4c0b3acac191abb118b9a8e39269006de562295246c3491a
laya,four_noul,thread_context-08,thread_context,0,noise,urgent,ok,306.6044590086676,True,869a9fb980a845ac82b324c1438028a997671aea38fc2ccca71198bdb2782b41
laya,four_noul,thread_context-08,thread_context,1,noise,urgent,ok,402.4573750211857,True,869a9fb980a845ac82b324c1438028a997671aea38fc2ccca71198bdb2782b41
laya,four_noul,thread_context-08,thread_context,2,noise,urgent,ok,422.84920800011605,True,869a9fb980a845ac82b324c1438028a997671aea38fc2ccca71198bdb2782b41
laya,four_noul,untrusted_content-01,untrusted_content,0,urgent,urgent,ok,281.5183329512365,False,611246190b3bde1294f5fda980b0023fb9a9535346ebacc976e89bde4d775ac1
laya,four_noul,untrusted_content-01,untrusted_content,1,urgent,urgent,ok,251.95895798970014,False,611246190b3bde1294f5fda980b0023fb9a9535346ebacc976e89bde4d775ac1
laya,four_noul,untrusted_content-01,untrusted_content,2,urgent,urgent,ok,256.63804198848084,False,611246190b3bde1294f5fda980b0023fb9a9535346ebacc976e89bde4d775ac1
laya,four_noul,untrusted_content-02,untrusted_content,0,urgent,urgent,ok,256.9234169786796,False,075161852e16c5a6478cb6675f0d6436eee867b4b64b4d91d10f5cbbf8063331
laya,four_noul,untrusted_content-02,untrusted_content,1,urgent,urgent,ok,355.15254200436175,False,075161852e16c5a6478cb6675f0d6436eee867b4b64b4d91d10f5cbbf8063331
laya,four_noul,untrusted_content-02,untrusted_content,2,urgent,urgent,ok,619.0676669939421,False,075161852e16c5a6478cb6675f0d6436eee867b4b64b4d91d10f5cbbf8063331
laya,four_noul,untrusted_content-03,untrusted_content,0,todo,urgent,ok,262.32395897386596,False,df11ef4306f7d4142a37abba2dd774798be1d92436494b3a068f2b1889736e32
laya,four_noul,untrusted_content-03,untrusted_content,1,todo,urgent,ok,431.15233397111297,False,df11ef4306f7d4142a37abba2dd774798be1d92436494b3a068f2b1889736e32
laya,four_noul,untrusted_content-03,untrusted_content,2,todo,urgent,ok,362.6337500172667,False,df11ef4306f7d4142a37abba2dd774798be1d92436494b3a068f2b1889736e32
laya,four_noul,untrusted_content-04,untrusted_content,0,todo,urgent,ok,437.9476660396904,True,d9c8e9a9da7ca40fe4aad24b0c8f76b078148d868be5e7f3d5506f920ba69948
laya,four_noul,untrusted_content-04,untrusted_content,1,todo,urgent,ok,373.91766702057794,True,d9c8e9a9da7ca40fe4aad24b0c8f76b078148d868be5e7f3d5506f920ba69948
laya,four_noul,untrusted_content-04,untrusted_content,2,todo,urgent,ok,431.28725001588464,True,d9c8e9a9da7ca40fe4aad24b0c8f76b078148d868be5e7f3d5506f920ba69948
laya,four_noul,untrusted_content-05,untrusted_content,0,valuable,urgent,ok,354.7075830283575,False,891c94dd1334313fd806fc7af6e425bd45e61dd8eb018fb7fa0c9368c86ade26
laya,four_noul,untrusted_content-05,untrusted_content,1,valuable,urgent,ok,458.2176249823533,False,891c94dd1334313fd806fc7af6e425bd45e61dd8eb018fb7fa0c9368c86ade26
laya,four_noul,untrusted_content-05,untrusted_content,2,valuable,urgent,ok,350.9347079670988,False,891c94dd1334313fd806fc7af6e425bd45e61dd8eb018fb7fa0c9368c86ade26
laya,four_noul,untrusted_content-06,untrusted_content,0,valuable,urgent,ok,258.88495799154043,False,13eeaddc911a9db5dc66a7cdc6e18425527ff989422059ce9425029b2bbd8ec6
laya,four_noul,untrusted_content-06,untrusted_content,1,valuable,urgent,ok,264.73195798462257,False,13eeaddc911a9db5dc66a7cdc6e18425527ff989422059ce9425029b2bbd8ec6
laya,four_noul,untrusted_content-06,untrusted_content,2,valuable,urgent,ok,345.3877500141971,False,13eeaddc911a9db5dc66a7cdc6e18425527ff989422059ce9425029b2bbd8ec6
laya,four_noul,untrusted_content-07,untrusted_content,0,noise,urgent,ok,423.6819589859806,True,803f4d69d6a6b91a633f3ff93f8d5a0b5f8a73d9d2993b1e1f8b5d11706d3ea2
laya,four_noul,untrusted_content-07,untrusted_content,1,noise,urgent,ok,439.1690839547664,True,803f4d69d6a6b91a633f3ff93f8d5a0b5f8a73d9d2993b1e1f8b5d11706d3ea2
laya,four_noul,untrusted_content-07,untrusted_content,2,noise,urgent,ok,433.0125830019824,True,803f4d69d6a6b91a633f3ff93f8d5a0b5f8a73d9d2993b1e1f8b5d11706d3ea2
laya,four_noul,untrusted_content-08,untrusted_content,0,noise,urgent,ok,252.16891599120572,False,8cf3ba8afda20b0c6b49c3c0539676cc4d9896cfd46cdc2d3aa7b9147bea15c4
laya,four_noul,untrusted_content-08,untrusted_content,1,noise,urgent,ok,372.19595798524097,False,8cf3ba8afda20b0c6b49c3c0539676cc4d9896cfd46cdc2d3aa7b9147bea15c4
laya,four_noul,untrusted_content-08,untrusted_content,2,noise,urgent,ok,239.34800003189594,False,8cf3ba8afda20b0c6b49c3c0539676cc4d9896cfd46cdc2d3aa7b9147bea15c4
laya,four_noul,urgency-01,urgency,0,urgent,urgent,ok,527.0008749794215,False,adb92e85f10c59386106bf00d0ef7960c5eaac271e651d704cdacb386304d2e2
laya,four_noul,urgency-01,urgency,1,urgent,urgent,ok,254.5241250190884,False,adb92e85f10c59386106bf00d0ef7960c5eaac271e651d704cdacb386304d2e2
laya,four_noul,urgency-01,urgency,2,urgent,urgent,ok,419.6752499556169,False,adb92e85f10c59386106bf00d0ef7960c5eaac271e651d704cdacb386304d2e2
laya,four_noul,urgency-02,urgency,0,urgent,urgent,ok,439.45833400357515,False,771cd1dc0046a0b557d9a064d99b040492c614cfcfc88618bad46bf149c43e7b
laya,four_noul,urgency-02,urgency,1,urgent,urgent,ok,428.1392080010846,False,771cd1dc0046a0b557d9a064d99b040492c614cfcfc88618bad46bf149c43e7b
laya,four_noul,urgency-02,urgency,2,urgent,urgent,ok,402.9692080221139,False,771cd1dc0046a0b557d9a064d99b040492c614cfcfc88618bad46bf149c43e7b
laya,four_noul,urgency-03,urgency,0,todo,urgent,ok,636.0026670154184,False,ca4099b83f81a6dbe40446afc045740368101d36945c377e9195fa9bdf350437
laya,four_noul,urgency-03,urgency,1,todo,urgent,ok,430.2424999768846,False,ca4099b83f81a6dbe40446afc045740368101d36945c377e9195fa9bdf350437
laya,four_noul,urgency-03,urgency,2,todo,urgent,ok,427.08979203598574,False,ca4099b83f81a6dbe40446afc045740368101d36945c377e9195fa9bdf350437
laya,four_noul,urgency-04,urgency,0,todo,urgent,ok,445.8315839874558,True,3c0c5bef5a61d614e876c0c06765856d0d7eb8292aa53858b18b688386f635f4
laya,four_noul,urgency-04,urgency,1,todo,urgent,ok,389.5616250229068,True,3c0c5bef5a61d614e876c0c06765856d0d7eb8292aa53858b18b688386f635f4
laya,four_noul,urgency-04,urgency,2,todo,urgent,ok,409.44245795253664,True,3c0c5bef5a61d614e876c0c06765856d0d7eb8292aa53858b18b688386f635f4
laya,four_noul,urgency-05,urgency,0,valuable,urgent,ok,200.29554195934907,True,58f38575c5fd9e35a17c1f8ed29120d24b66899f7b9c78a37adb8ea443b2089e
laya,four_noul,urgency-05,urgency,1,valuable,urgent,ok,437.68158298917115,True,58f38575c5fd9e35a17c1f8ed29120d24b66899f7b9c78a37adb8ea443b2089e
laya,four_noul,urgency-05,urgency,2,valuable,urgent,ok,180.88237498886883,True,58f38575c5fd9e35a17c1f8ed29120d24b66899f7b9c78a37adb8ea443b2089e
laya,four_noul,urgency-06,urgency,0,valuable,urgent,ok,163.90133398817852,True,89b1a3ae52e9f24de80e724ae725ec59fec814ecdef2b760b24d496f01a689cf
laya,four_noul,urgency-06,urgency,1,valuable,urgent,ok,240.0260409922339,True,89b1a3ae52e9f24de80e724ae725ec59fec814ecdef2b760b24d496f01a689cf
laya,four_noul,urgency-06,urgency,2,valuable,urgent,ok,256.7372920457274,True,89b1a3ae52e9f24de80e724ae725ec59fec814ecdef2b760b24d496f01a689cf
laya,four_noul,urgency-07,urgency,0,noise,urgent,ok,345.867374970112,True,3bff6c88289c653315ac44a22f994a1aed9bb188034b60ea1125e9c7e428c406
laya,four_noul,urgency-07,urgency,1,noise,urgent,ok,410.419833031483,True,3bff6c88289c653315ac44a22f994a1aed9bb188034b60ea1125e9c7e428c406
laya,four_noul,urgency-07,urgency,2,noise,urgent,ok,367.82849999144673,True,3bff6c88289c653315ac44a22f994a1aed9bb188034b60ea1125e9c7e428c406
laya,four_noul,urgency-08,urgency,0,noise,urgent,ok,419.87862496171147,True,817dd4849a85325552816a0397dea5a2baf92ec0c56fb6ca1c109678b4ca4317
laya,four_noul,urgency-08,urgency,1,noise,urgent,ok,420.3175000147894,True,817dd4849a85325552816a0397dea5a2baf92ec0c56fb6ca1c109678b4ca4317
laya,four_noul,urgency-08,urgency,2,noise,urgent,ok,367.9224160150625,True,817dd4849a85325552816a0397dea5a2baf92ec0c56fb6ca1c109678b4ca4317
